-- phpMyAdmin SQL Dump
-- version 4.3.11
-- http://www.phpmyadmin.net
--
-- Host: 127.0.0.1
-- Czas generowania: 22 Cze 2015, 19:18
-- Wersja serwera: 5.6.24
-- Wersja PHP: 5.6.8

SET FOREIGN_KEY_CHECKS=0;
SET SQL_MODE = "NO_AUTO_VALUE_ON_ZERO";
SET time_zone = "+00:00";


/*!40101 SET @OLD_CHARACTER_SET_CLIENT=@@CHARACTER_SET_CLIENT */;
/*!40101 SET @OLD_CHARACTER_SET_RESULTS=@@CHARACTER_SET_RESULTS */;
/*!40101 SET @OLD_COLLATION_CONNECTION=@@COLLATION_CONNECTION */;
/*!40101 SET NAMES utf8 */;

--
-- Baza danych: `kuriex`
--

--
-- Tabela Truncate przed wstawieniem `dostawca`
--

TRUNCATE TABLE `dostawca`;
--
-- Zrzut danych tabeli `dostawca`
--

INSERT INTO `dostawca` (`pesel`, `imie`, `nazwisko`, `id_filii`, `id_pojazdu`) VALUES
(40041853713, 'Halka ', 'Jaśkiewicz', 1118, 1),
(40122171695, 'Hanna ', 'Wilczek', 1318, 2),
(41012947462, 'Ilona ', 'Rusin', 1424, 1),
(41031587858, 'Gerazym ', 'Kmiecik', 1414, 2),
(41042556223, 'Germanik ', 'Kubacki', 1614, 2),
(41051427398, 'Fideliusz ', 'Ciszewski', 1510, 1),
(41072724496, 'Falibog', 'Mikulski', 208, 2),
(41080475715, 'Enniusz ', 'Biernat', 504, 2),
(41122179638, 'Herakliusz ', 'Szwed', 220, 1),
(42020448345, 'Ingeborga ', 'Czerniak', 1624, 2),
(42041918823, 'Gabriela', 'Borek', 1612, 2),
(43022299533, 'Fabian ', 'Dębowski', 1906, 2),
(43083118895, 'Irena ', 'Kuchta', 326, 1),
(43092538532, 'Izka', 'Dudzik', 628, 2),
(44012161542, 'Hugon ', 'Szyszka', 224, 2),
(44020927781, 'Jolka', 'Buczkowski', 3030, 2),
(44051922986, 'Fidelisa ', 'Jędrzejczak', 1410, 2),
(44080659244, 'Eligiusz ', 'Fijałkowski', 1302, 1),
(44081112881, 'Gotfryd ', 'Bochenek', 216, 2),
(44102418318, 'Elka', 'Zaręba', 1702, 1),
(44112659712, 'Jerzy', 'Knapik', 2230, 2),
(45042335282, 'Gienek', 'Misiak', 2014, 2),
(45052732578, 'Falibor ', 'Walkowiak', 308, 1),
(45061138857, 'Jaropełk ', 'Bąkowski', 930, 2),
(45102695297, 'Honoryna ', 'Kwieciński', 822, 2),
(45121269372, 'Hilary ', 'Niedzielski', 1320, 2),
(46010196955, 'Jadwiga ', 'Kobus', 1428, 2),
(46030115785, 'Emerencja ', 'Frączek', 2202, 2),
(46031746724, 'Filip ', 'Nowaczyk', 1710, 1),
(46051073471, 'German ', 'Bujak', 1514, 1),
(46072575875, 'Erwin', 'Kaczorowski', 1604, 1),
(46102588921, 'Elizka', 'Witczak', 1502, 1),
(46122871375, 'Huberta ', 'Włodarski', 1422, 1),
(47012233482, 'Gardenia ', 'Jagiełło', 1912, 2),
(47060633258, 'Ezechiel ', 'Cebula', 1706, 1),
(47120356187, 'Hubysław ', 'Stolarczyk', 1522, 1),
(47121776722, 'Gorzysław ', 'Gąsiorowski', 3214, 2),
(48072997691, 'Gardomir', 'Skrzypek', 114, 1),
(49010857329, 'Flora ', 'Hajduk', 2110, 1),
(49012782966, 'Januaria ', 'Motyka', 130, 2),
(49041853297, 'Erast ', 'Rogalski', 804, 1),
(49062327151, 'Flawiusz ', 'Krysiak', 2010, 2),
(49120576686, 'Jan', 'Banasik', 1728, 2),
(49122833789, 'Emiliusz ', 'Kucharczyk', 204, 2),
(50071299636, 'Ildefons ', 'Czekaj', 1324, 2),
(50072154822, 'Erazma ', 'Janus', 1004, 2),
(50072752495, 'Izyda ', 'Żuk', 828, 1),
(50122993148, 'Grodzisław ', 'Pasternak', 816, 2),
(51010329177, 'Festus ', 'Urbańczyk', 1110, 1),
(51011629962, 'Fabrycjan ', 'Bogucki', 2006, 1),
(51012614796, 'Ewelinka', 'Rosiak', 1606, 1),
(51020646127, 'Flawia ', 'Bielawski', 1810, 1),
(51062318244, 'Hipolit ', 'Szcześniak', 222, 2),
(51070447259, 'Józef ', 'Cichy', 432, 2),
(51100121481, 'Edzio', 'Winiarski', 602, 2),
(51110124362, 'Helmut ', 'Misztal', 1718, 2),
(52012462648, 'Efrem', 'Grzyb', 702, 1),
(52041712723, 'Izabela ', 'Kotowski', 328, 1),
(52051682865, 'Gwidon ', 'Słowiński', 918, 1),
(52081173229, 'Emilia ', 'Rybicki', 2502, 2),
(52122634618, 'Edwin', 'Konopka', 302, 1),
(53010327278, 'Jasiek', 'Rosa', 1530, 1),
(53021186875, 'Henryka ', 'Sławiński', 2118, 2),
(53021385465, 'Edward', 'Panek', 202, 1),
(53091459532, 'Iweta ', 'Więcek', 926, 2),
(53091667643, 'Edytka', 'Banasiak', 502, 1),
(54060752555, 'Gizela ', 'Mierzejewski', 2214, 2),
(54070713883, 'Eustacjusz ', 'Gawron', 706, 1),
(54072657446, 'Franciszka ', 'Kałuża', 1012, 1),
(54091022139, 'Eugeniusz ', 'Książek', 406, 1),
(54101217788, 'Hiacynt ', 'Modzelewski', 920, 1),
(54101273881, 'Gosia', 'Olczak', 3314, 2),
(54101531949, 'Godfryd ', 'Zielonka', 2614, 2),
(54111363435, 'Franciszek ', 'Lach', 912, 2),
(55080472986, 'Gloria ', 'Jakubiak', 2414, 1),
(55102266849, 'Feliks ', 'Kołodziejski', 710, 2),
(56031592843, 'Heloiza ', 'Sieradzki', 1818, 2),
(56032042613, 'Irmina ', 'Chojnowski', 526, 1),
(56032967556, 'Elżbieta ', 'Królikowski', 1902, 2),
(56041343297, 'Felek', 'Cygan', 110, 2),
(56042316252, 'Gotard ', 'Stelmach', 116, 1),
(56072135638, 'Fausta', 'Czapla', 808, 1),
(57043017128, 'Elwira ', 'Nawrot', 1802, 1),
(57052072765, 'Gwalbert ', 'Cholewa', 818, 2),
(57053116125, 'Enoch ', 'Różycki', 604, 2),
(57080298179, 'Gaudencja ', 'Mika', 314, 1),
(57110629869, 'Jaromira ', 'Płonka', 830, 2),
(57123069829, 'Heliasz ', 'Kubica', 1618, 1),
(58021215837, 'Fidelia ', 'Falkowski', 1210, 2),
(59081064281, 'Julietta ', 'Jagielski', 1232, 1),
(59082335764, 'Grzes', 'Górniak', 118, 1),
(59090769843, 'Jarema', 'Dąbkowski', 630, 2),
(59090828311, 'Franek', 'Gawlik', 1112, 2),
(60011049166, 'Innocenty ', 'Guzik', 226, 1),
(60060727989, 'Jolanta', 'Ziętek', 2930, 2),
(60083187724, 'Horacjusz ', 'Adamowicz', 922, 2),
(60101734435, 'Hermana ', 'Kapusta', 620, 2),
(60102848834, 'Florencjusz ', 'Lisiecki', 112, 2),
(60103039859, 'Grzymisław ', 'Filipowicz', 418, 1),
(61030775917, 'Jonasz ', 'Sołtysiak', 3130, 2),
(61032458775, 'Ewaryst ', 'Radomski', 1306, 2),
(61091679377, 'Giedymin ', 'Tarnowski', 1914, 2),
(61092471732, 'Herman ', 'Paczkowski', 520, 1),
(61102313368, 'Fidelis ', 'Filipek', 1310, 1),
(62070176634, 'Jonatan ', 'Marchewka', 132, 2),
(62091198473, 'Falimir', 'Malec', 408, 2),
(63012564599, 'Eligia', 'Skowron', 1202, 1),
(63041452997, 'Galfryd ', 'Wasiak', 1812, 2),
(63060463932, 'Huniemir', 'Stanisławski', 624, 2),
(63072669221, 'Innocenta ', 'Frątczak', 126, 1),
(63092827391, 'Henryk ', 'Iwański', 2018, 2),
(63101339174, 'Gostmił ', 'Janas', 3514, 1),
(63120863861, 'Erhard ', 'Szczepanik', 1104, 2),
(64010281378, 'Juri', 'Balcerzak', 1532, 2),
(64022827339, 'Julia ', 'Woś', 1032, 1),
(64030669974, 'Iza', 'Stanek', 128, 1),
(64071877194, 'Gedeon ', 'Sobieraj', 814, 2),
(64081097546, 'Gaspar', 'Lasota', 214, 2),
(64082266488, 'Ewa', 'Kubik', 1106, 2),
(64102549399, 'Jacław ', 'Januszewski', 1328, 1),
(65073086287, 'Ignacy ', 'Suski', 1124, 2),
(65082327849, 'Georgina ', 'Dubiel', 1114, 2),
(66022431127, 'Grzegorz ', 'Piwowarczyk', 1016, 2),
(66051777762, 'Izydora', 'Urbanowicz', 1028, 2),
(66072688494, 'Horacy ', 'Sochacki', 1022, 2),
(66083183852, 'Julian ', 'Kłosowski', 1132, 1),
(66121294272, 'Józefa ', 'Miśkiewicz', 532, 1),
(67011014185, 'Justyn ', 'Górny', 1732, 2),
(67011864582, 'Floryn ', 'Pietras', 612, 1),
(67021542836, 'Grażyna ', 'Noga', 616, 1),
(67061234494, 'Gniewomir ', 'Twardowski', 2514, 1),
(67080445426, 'Gerwazy', 'Gutowski', 1814, 2),
(67102121466, 'Herakles ', 'Adamczak', 120, 1),
(67111366278, 'Jola', 'Aleksandrowicz', 2830, 1),
(67112452161, 'Igor ', 'Drabik', 1224, 1),
(67112837113, 'Ewelin ', 'Dąbek', 1406, 1),
(68041557345, 'Egon', 'Kuś', 902, 2),
(68052837159, 'Iga ', 'Sitek', 924, 2),
(68071932635, 'Emilian ', 'Kostrzewa', 2602, 2),
(68122287497, 'Florentyn ', 'Jagodziński', 312, 2),
(68123116428, 'Fortunat ', 'Karwowski', 712, 2),
(69022731396, 'Jacenty ', 'Kolasa', 1228, 2),
(69051337237, 'Ferdek', 'Sokół', 910, 2),
(69060854961, 'Jarosław ', 'Tomala', 1130, 2),
(70061129369, 'Gawin', 'Borowiec', 614, 1),
(70082036257, 'Emanuel ', 'Młynarczyk', 2002, 1),
(70082759712, 'Ernestyn ', 'Szostak', 1404, 1),
(70102698186, 'Gosława ', 'Piórkowski', 3814, 2),
(70103121632, 'Edmund ', 'Gil', 102, 2),
(70111026527, 'Hubert ', 'Dec', 1322, 1),
(71123163611, 'Gaudenty ', 'Masłowski', 414, 1),
(72020398227, 'Erazm ', 'Szymczyk', 904, 2),
(72061878892, 'Iwonka', 'Pytel', 1226, 1),
(72091928255, 'Justyna ', 'Skowronek', 1832, 2),
(72100484983, 'Emilka', 'Frąckowiak', 304, 1),
(72110641518, 'Gliceria ', 'Kopczyński', 2314, 1),
(72110819733, 'Georgia ', 'Karaś', 1014, 2),
(72112981779, 'Godzisław ', 'Jurkiewicz', 2814, 2),
(72120796547, 'Joanna ', 'Stolarski', 2630, 1),
(73020639471, 'Gabriel', 'Skibiński', 1512, 2),
(73060396677, 'Eufrozyna ', 'Trojanowski', 206, 2),
(73070164765, 'Gebhard ', 'Raczyński', 714, 1),
(73071848778, 'Iryda ', 'Szatkowski', 626, 1),
(73082027973, 'Jarowit ', 'Kita', 1330, 1),
(73103145978, 'Genowefa ', 'Ślusarczyk', 914, 2),
(73121028224, 'Ida ', 'Molenda', 724, 2),
(74042799787, 'Hiob ', 'Adamiak', 1420, 2),
(74052911858, 'Gracjan ', 'Staszewski', 416, 2),
(74110322196, 'Hermes ', 'Adamek', 720, 1),
(74111951393, 'Falisława ', 'Flis', 608, 1),
(75010193785, 'Gosław ', 'Pakuła', 3714, 1),
(75020789637, 'Faust', 'Wąsik', 708, 1),
(75022195861, 'Ismena ', 'Kowalczuk', 826, 1),
(75030893274, 'Jarosława ', 'Broda', 1230, 2),
(75062935481, 'Honorat ', 'Ruciński', 522, 2),
(75072656297, 'Eryk ', 'Tkaczyk', 1804, 2),
(75082194484, 'Gilbert ', 'Bartosik', 2114, 2),
(75112675626, 'Elka', 'Gąsior', 1602, 1),
(75121091871, 'Felicja ', 'Gałązka', 210, 1),
(76010888547, 'Just ', 'Pawlicki', 1632, 2),
(76012332723, 'Eleonora', 'Dudziński', 1002, 2),
(76012778811, 'Hania', 'Kaczmarski', 1218, 1),
(76021852276, 'Gaweł', 'Juszczak', 514, 2),
(76041483454, 'Ewald ', 'Maliszewski', 1206, 1),
(76092381824, 'Janina ', 'Skalski', 1828, 1),
(76103085646, 'Judyta ', 'Mrozek', 932, 2),
(76112577666, 'Felicyta ', 'Wnuk', 610, 1),
(76112691854, 'Irydion ', 'Kruszewski', 726, 2),
(76122084327, 'Fryderyk ', 'Wroński', 1312, 1),
(77011062767, 'Jarek', 'Partyka', 530, 1),
(77030893292, 'Henia', 'Krupiński', 1918, 1),
(77031649946, 'Eliasz', 'Zaremba', 1102, 2),
(77050691427, 'Honorata ', 'Kaszuba', 622, 1),
(77052339547, 'Jurek', 'Michalczyk', 1432, 2),
(77091829186, 'Izbor ', 'Michałek', 528, 2),
(77101022682, 'Erwina ', 'Żebrowski', 1704, 1),
(77121356787, 'Jacek ', 'Wolak', 1128, 1),
(78030469373, 'Jeremiasz ', 'Głogowski', 2030, 2),
(78031574384, 'Jodok ', 'Napierała', 2730, 2),
(78111513881, 'Ernesta ', 'Buczek', 1304, 1),
(78112313848, 'Grzesiek', 'Matuszak', 318, 1),
(78120633961, 'Jerosława ', 'Piłat', 2130, 2),
(79070395389, 'Emil', 'Gawroński', 2402, 1),
(79072647316, 'Ernest ', 'Szczygieł', 1204, 2),
(79092566613, 'Jaśmina ', 'Jurkowski', 1730, 2),
(79120643343, 'Harald', 'Jankowiak', 1418, 1),
(80032665923, 'Grzymisława ', 'Milczarek', 518, 2),
(80071727369, 'Jaromir ', 'Trzeciak', 730, 1),
(80091735423, 'Jakub ', 'Pawlikowski', 1628, 1),
(80100123629, 'Eugenia ', 'Bagiński', 306, 2),
(80110717593, 'Frumencjusz ', 'Dziuba', 1212, 1),
(81010866963, 'Jordan ', 'Koper', 232, 1),
(81060538816, 'Goszczuj ', 'Bilski', 3614, 1),
(81071282234, 'Józefina ', 'Rybarczyk', 732, 2),
(81071498893, 'Falisław ', 'Burzyński', 508, 2),
(81071844496, 'Fabrycy', 'Więckowski', 108, 1),
(81091842571, 'Gerard ', 'Łukaszewski', 1214, 2),
(81092521589, 'Honoriusz ', 'Bober', 722, 1),
(81103095353, 'Idalia', 'Paszkowski', 824, 1),
(82021282137, 'Hipolita ', 'Sołtys', 322, 1),
(82042562546, 'Euzebia ', 'Rogala', 906, 1),
(82052644588, 'Izolda ', 'Szczęsny', 728, 1),
(82062253446, 'Eutropiusz ', 'Wojtczak', 806, 1),
(82070689664, 'Hermina ', 'Stępniak', 820, 1),
(82100411391, 'Emanuela ', 'Sienkiewicz', 2102, 2),
(83010777186, 'Jarostryj ', 'Głąb', 1030, 1),
(83021628345, 'Gorazd ', 'Florczak', 3014, 2),
(83031042399, 'Gracja ', 'Stec', 316, 1),
(83041495969, 'Gośka', 'Koza', 3414, 1),
(83041987697, 'Janisław ', 'Bożek', 1928, 2),
(83061887586, 'Józefat ', 'Buczyński', 632, 2),
(83113054898, 'Fortunata ', 'Żmuda', 812, 1),
(84030576685, 'Iza', 'Kuc', 1326, 2),
(84062739742, 'Hodysław ', 'Florek', 422, 2),
(84071517254, 'Hugona ', 'Mroczkowski', 324, 1),
(84090329715, 'Florentyna ', 'Szafrański', 412, 2),
(84090837759, 'Filemon ', 'Zajączkowski', 1610, 2),
(84091464466, 'Gerarda ', 'Dominiak', 1314, 1),
(84110857934, 'Jędrzej ', 'Kołakowski', 1830, 1),
(84122077513, 'Emma ', 'Pałka', 404, 1),
(85032827281, 'Emiliana ', 'Czyżewski', 104, 2),
(86011594987, 'Iwona ', 'Skóra', 1126, 2),
(86013169327, 'Faustyn', 'Drozdowski', 908, 2),
(86042667997, 'Ferdynand', 'Zaborowski', 1010, 2),
(86110716983, 'Ireneusz ', 'Budzyński', 426, 1),
(86111326383, 'Gustawa ', 'Adamus', 718, 1),
(87013157459, 'Felicjan ', 'Łukasiewicz', 310, 1),
(87091171831, 'Febronia ', 'Rzepka', 1208, 1),
(88021568673, 'Herbert ', 'Zwoliński', 320, 1),
(88061531176, 'Gajusz', 'Krakowiak', 1712, 2),
(88062138662, 'Eliza', 'Dobosz', 1402, 2),
(88062531168, 'Jimisław ', 'Dróżdż', 2330, 1),
(88081114733, 'Izaak ', 'Puchalski', 228, 1),
(88111082625, 'Flawian', 'Węgrzyn', 1910, 2),
(88121769855, 'January ', 'Bielak', 330, 2),
(89092744373, 'Euzebiusz ', 'Kula', 1006, 1),
(90032981994, 'Humbelina ', 'Prokop', 424, 1),
(90053114229, 'Eustachiusz ', 'Jurek', 506, 1),
(90061649214, 'Estera ', 'Drzewiecki', 106, 1),
(90062534935, 'Ewelina ', 'Kisiel', 1506, 1),
(90073033434, 'Juda ', 'Stachura', 832, 1),
(90090438739, 'Hortensjusz ', 'Gołąb', 1222, 1),
(90101524879, 'Humbert ', 'Góral', 524, 1),
(91012379213, 'Ingryda ', 'Kępa', 1724, 2),
(91040328854, 'Gertruda ', 'Pilarski', 1714, 1),
(91041987661, 'Emeryk ', 'Słowik', 2302, 1),
(91061118353, 'Godzimir ', 'Jezierski', 2714, 1),
(91091057527, 'Ignacja ', 'Świerczyński', 1024, 2),
(91103018726, 'Gustaw ', 'Kędziora', 618, 2),
(92013156728, 'Feliksa ', 'Andrzejczak', 810, 1),
(92050366579, 'Juliusz ', 'Janusz', 1332, 1),
(92061664349, 'Izaura ', 'Augustyn', 428, 2),
(92081957182, 'Eustachy ', 'Trzciński', 606, 2),
(92082385667, 'Florian ', 'Białas', 512, 1),
(92101718441, 'Jas', 'Wypych', 1430, 1),
(92102943967, 'Fawila', 'Wójcicki', 1108, 2),
(92111384878, 'Hortensja ', 'Grzywacz', 1122, 2),
(92112231322, 'Grzesiek', 'Jędrzejczyk', 218, 2),
(93012184594, 'Helena ', 'Strzelczyk', 1518, 2),
(93082016175, 'Herkules ', 'Zygmunt', 420, 1),
(93110333382, 'Hilaria ', 'Siedlecki', 1220, 1),
(93122344651, 'Fabia', 'Rojek', 1806, 2),
(94031061956, 'Ilza ', 'Gałka', 1524, 2),
(94051076277, 'Januariusz ', 'Urbanek', 230, 1),
(94051391941, 'Jeremi ', 'Kiełbasa', 1930, 2),
(94062744732, 'Hiacynta ', 'Majcher', 1020, 2),
(94122795416, 'Felicysym ', 'Lipski', 510, 2),
(95012088854, 'Joachim ', 'Białkowski', 2430, 1),
(95022277831, 'Egbert', 'Rakowski', 802, 1),
(95022781789, 'Halina ', 'Gaweł', 1018, 2),
(95062436836, 'Felicjana ', 'Pawelec', 410, 2),
(95091229959, 'Florenty ', 'Mroczek', 212, 2),
(95091942889, 'Fryderyka ', 'Gruszczyński', 1412, 2),
(95120139181, 'Greta ', 'Skoczylas', 716, 1),
(95122938337, 'Jasiu', 'Lipka', 1630, 1),
(96011355646, 'Hubysława ', 'Bieńkowski', 1622, 2),
(96022369421, 'Janusz', 'Zagórski', 430, 1),
(96060167544, 'Gromisław ', 'Dobrzyński', 916, 2),
(96070598734, 'Gracjana ', 'Dudziak', 516, 1),
(96080721755, 'Hieronim ', 'Jackowski', 1120, 1),
(96082943267, 'Edyta', 'Frankowski', 402, 1),
(97030837982, 'Hipacy ', 'Malicki', 122, 2),
(97032977866, 'Faustyna ', 'Kwaśniewski', 1008, 1),
(97050998454, 'Ernestyna ', 'Kaleta', 1504, 2),
(97060267517, 'Izydor ', 'Zdunek', 928, 1),
(97060956925, 'Grześ', 'Czechowski', 1116, 2),
(97072667217, 'Jagoda ', 'Piechota', 1528, 2),
(97091447616, 'Iwo ', 'Kaniewski', 1026, 1),
(97110187446, 'Eryka ', 'Grzegorczyk', 1904, 1),
(98033122163, 'Gonsalwy ', 'Łapiński', 2914, 1),
(98071944132, 'Joachima ', 'Przybył', 2530, 2),
(98081943545, 'Hugo ', 'Niemczyk', 124, 1),
(98102347497, 'Jowita ', 'Robak', 332, 2),
(99072084663, 'Epifan ', 'Bogusz', 704, 2);

--
-- Tabela Truncate przed wstawieniem `dostawca_katprawajazdy`
--

TRUNCATE TABLE `dostawca_katprawajazdy`;
--
-- Tabela Truncate przed wstawieniem `filia`
--

TRUNCATE TABLE `filia`;
--
-- Zrzut danych tabeli `filia`
--

INSERT INTO `filia` (`id_filii`, `nazwa`, `id_obszaru`) VALUES
(102, 'bolesławiecki', 2),
(104, 'aleksandrowski', 4),
(106, 'bialski', 6),
(108, 'gorzowski', 8),
(110, 'bełchatowski', 10),
(112, 'bocheński', 12),
(114, 'białobrzeski', 14),
(116, 'brzeski', 16),
(118, 'bieszczadzki', 18),
(120, 'augustowski', 20),
(122, 'bytowski', 22),
(124, 'będziński', 24),
(126, 'buski', 26),
(128, 'bartoszycki', 28),
(130, 'chodzieski', 30),
(132, 'białogardzki', 32),
(202, 'dzierżoniowski', 2),
(204, 'brodnicki', 4),
(206, 'biłgorajski', 6),
(208, 'krośnieński', 8),
(210, 'kutnowski', 10),
(212, 'brzeski', 12),
(214, 'ciechanowski', 14),
(216, 'głubczycki', 16),
(218, 'brzozowski', 18),
(220, 'białostocki', 20),
(222, 'chojnicki', 22),
(224, 'bielski', 24),
(226, 'jędrzejowski', 26),
(228, 'braniewski', 28),
(230, 'czarnkowsko-trzciane', 30),
(232, 'choszczeński', 32),
(302, 'głogowski', 2),
(304, 'bydgoski', 4),
(306, 'chełmski', 6),
(308, 'międzyrzecki', 8),
(310, 'łaski', 10),
(312, 'chrzanowski', 12),
(314, 'garwoliński', 14),
(316, 'kędzierzyńsko-koziel', 16),
(318, 'dębicki', 18),
(320, 'bielski', 20),
(322, 'człuchowski', 22),
(324, 'cieszyński', 24),
(326, 'kazimierski', 26),
(328, 'działdowski', 28),
(330, 'gnieźnieński', 30),
(332, 'drawski', 32),
(402, 'górowski', 2),
(404, 'chełmiński', 4),
(406, 'hrubieszowski', 6),
(408, 'nowosolski', 8),
(410, 'łęczycki', 10),
(412, 'dąbrowski', 12),
(414, 'gostyniński', 14),
(416, 'kluczborski', 16),
(418, 'jarosławski', 18),
(420, 'grajewski', 20),
(422, 'gdański', 22),
(424, 'częstochowski', 24),
(426, 'kielecki', 26),
(428, 'elbląski', 28),
(430, 'gostyński', 30),
(432, 'goleniowski', 32),
(502, 'jaworski', 2),
(504, 'golubsko-dobrzyński', 4),
(506, 'janowski', 6),
(508, 'słubicki', 8),
(510, 'łowicki', 10),
(512, 'gorlicki', 12),
(514, 'grodziski', 14),
(516, 'krapkowicki', 16),
(518, 'jasielski', 18),
(520, 'hajnowski', 20),
(522, 'kartuski', 22),
(524, 'gliwicki', 24),
(526, 'konecki', 26),
(528, 'ełcki', 28),
(530, 'grodziski', 30),
(532, 'gryficki', 32),
(602, 'jeleniogórski', 2),
(604, 'grudziądzki', 4),
(606, 'krasnostawski', 6),
(608, 'strzelecko-drezdenec', 8),
(610, 'łódzki wschodni', 10),
(612, 'krakowski', 12),
(614, 'grójecki', 14),
(616, 'namysłowski', 16),
(618, 'kolbuszowski', 18),
(620, 'kolneński', 20),
(622, 'kościerski', 22),
(624, 'kłobucki', 24),
(626, 'opatowski', 26),
(628, 'giżycki', 28),
(630, 'jarociński', 30),
(632, 'gryfiński', 32),
(702, 'kamiennogórski', 2),
(704, 'inowrocławski', 4),
(706, 'kraśnicki', 6),
(708, 'sulęciński', 8),
(710, 'opoczyński', 10),
(712, 'limanowski', 12),
(714, 'kozienicki', 14),
(716, 'nyski', 16),
(718, 'krośnieński', 18),
(720, 'łomżyński', 20),
(722, 'kwidzyński', 22),
(724, 'lubliniecki', 24),
(726, 'ostrowiecki', 26),
(728, 'iławski', 28),
(730, 'kaliski', 30),
(732, 'kamieński', 32),
(802, 'kłodzki', 2),
(804, 'lipnowski', 4),
(806, 'lubartowski', 6),
(808, 'świebodziński', 8),
(810, 'pabianicki', 10),
(812, 'miechowski', 12),
(814, 'legionowski', 14),
(816, 'oleski', 16),
(818, 'leżajski', 18),
(820, 'moniecki', 20),
(822, 'lęborski', 22),
(824, 'mikołowski', 24),
(826, 'pińczowski', 26),
(828, 'kętrzyński', 28),
(830, 'kępiński', 30),
(832, 'kołobrzeski', 32),
(902, 'legnicki', 2),
(904, 'mogileński', 4),
(906, 'lubelski', 6),
(908, 'zielonogórski', 8),
(910, 'pajęczański', 10),
(912, 'myślenicki', 12),
(914, 'lipski', 14),
(916, 'opolski', 16),
(918, 'lubaczowski', 18),
(920, 'sejneński', 20),
(922, 'malborski', 22),
(924, 'myszkowski', 24),
(926, 'sandomierski', 26),
(928, 'lidzbarski', 28),
(930, 'kolski', 30),
(932, 'koszaliński', 32),
(1002, 'lubański', 2),
(1004, 'nakielski', 4),
(1006, 'łęczyński', 6),
(1008, 'żagański', 8),
(1010, 'piotrkowski', 10),
(1012, 'nowosądecki', 12),
(1014, 'łosicki', 14),
(1016, 'prudnicki', 16),
(1018, 'łańcucki', 18),
(1020, 'siemiatycki', 20),
(1022, 'nowodworski', 22),
(1024, 'pszczyński', 24),
(1026, 'skarżyski', 26),
(1028, 'mrągowski', 28),
(1030, 'koniński', 30),
(1032, 'myśliborski', 32),
(1102, 'lubiński', 2),
(1104, 'radziejowski', 4),
(1106, 'łukowski', 6),
(1108, 'żarski', 8),
(1110, 'poddębicki', 10),
(1112, 'nowotarski', 12),
(1114, 'makowski', 14),
(1116, 'strzelecki', 16),
(1118, 'mielecki', 18),
(1120, 'sokólski', 20),
(1122, 'pucki', 22),
(1124, 'raciborski', 24),
(1126, 'starachowicki', 26),
(1128, 'nidzicki', 28),
(1130, 'kościański', 30),
(1132, 'policki', 32),
(1202, 'lwówecki', 2),
(1204, 'rypiński', 4),
(1206, 'opolski', 6),
(1208, 'wschowski', 8),
(1210, 'radomszczański', 10),
(1212, 'olkuski', 12),
(1214, 'miński', 14),
(1218, 'niżański', 18),
(1220, 'suwalski', 20),
(1222, 'słupski', 22),
(1224, 'rybnicki', 24),
(1226, 'staszowski', 26),
(1228, 'nowomiejski', 28),
(1230, 'krotoszyński', 30),
(1232, 'pyrzycki', 32),
(1302, 'milicki', 2),
(1304, 'sępoleński', 4),
(1306, 'parczewski', 6),
(1310, 'rawski', 10),
(1312, 'oświęcimski', 12),
(1314, 'mławski', 14),
(1318, 'przemyski', 18),
(1320, 'wysokomazowiecki', 20),
(1322, 'starogardzki', 22),
(1324, 'tarnogórski', 24),
(1326, 'włoszczowski', 26),
(1328, 'olecki', 28),
(1330, 'leszczyński', 30),
(1332, 'sławieński', 32),
(1402, 'oleśnicki', 2),
(1404, 'świecki', 4),
(1406, 'puławski', 6),
(1410, 'sieradzki', 10),
(1412, 'proszowicki', 12),
(1414, 'nowodworski', 14),
(1418, 'przeworski', 18),
(1420, 'zambrowski', 20),
(1422, 'tczewski', 22),
(1424, 'bieruńsko-lędziński', 24),
(1428, 'olsztyński', 28),
(1430, 'międzychodzki', 30),
(1432, 'stargardzki', 32),
(1502, 'oławski', 2),
(1504, 'toruński', 4),
(1506, 'radzyński', 6),
(1510, 'skierniewicki', 10),
(1512, 'suski', 12),
(1514, 'ostrołęcki', 14),
(1518, 'ropczycko-sędziszows', 18),
(1522, 'wejherowski', 22),
(1524, 'wodzisławski', 24),
(1528, 'ostródzki', 28),
(1530, 'nowotomyski', 30),
(1532, 'szczecinecki', 32),
(1602, 'polkowicki', 2),
(1604, 'tucholski', 4),
(1606, 'rycki', 6),
(1610, 'tomaszowski', 10),
(1612, 'tarnowski', 12),
(1614, 'ostrowski', 14),
(1618, 'rzeszowski', 18),
(1622, 'sztumski', 22),
(1624, 'zawierciański', 24),
(1628, 'piski', 28),
(1630, 'obornicki', 30),
(1632, 'świdwiński', 32),
(1702, 'strzeliński', 2),
(1704, 'wąbrzeski', 4),
(1706, 'świdnicki', 6),
(1710, 'wieluński', 10),
(1712, 'tatrzański', 12),
(1714, 'otwocki', 14),
(1718, 'sanocki', 18),
(1724, 'żywiecki', 24),
(1728, 'szczycieński', 28),
(1730, 'ostrowski', 30),
(1732, 'wałecki', 32),
(1802, 'średzki', 2),
(1804, 'włocławski', 4),
(1806, 'tomaszowski', 6),
(1810, 'wieruszowski', 10),
(1812, 'wadowicki', 12),
(1814, 'piaseczyński', 14),
(1818, 'stalowowolski', 18),
(1828, 'gołdapski', 28),
(1830, 'ostrzeszowski', 30),
(1832, 'łobeski', 32),
(1902, 'świdnicki', 2),
(1904, 'żniński', 4),
(1906, 'włodawski', 6),
(1910, 'zduńskowolski', 10),
(1912, 'wielicki', 12),
(1914, 'płocki', 14),
(1918, 'strzyżowski', 18),
(1928, 'węgorzewski', 28),
(1930, 'pilski', 30),
(2002, 'trzebnicki', 2),
(2006, 'zamojski', 6),
(2010, 'zgierski', 10),
(2014, 'płoński', 14),
(2018, 'tarnobrzeski', 18),
(2030, 'pleszewski', 30),
(2102, 'wałbrzyski', 2),
(2110, 'brzeziński', 10),
(2114, 'pruszkowski', 14),
(2118, 'leski', 18),
(2130, 'poznański', 30),
(2202, 'wołowski', 2),
(2214, 'przasnyski', 14),
(2230, 'rawicki', 30),
(2302, 'wrocławski', 2),
(2314, 'przysuski', 14),
(2330, 'słupecki', 30),
(2402, 'ząbkowicki', 2),
(2414, 'pułtuski', 14),
(2430, 'szamotulski', 30),
(2502, 'zgorzelecki', 2),
(2514, 'radomski', 14),
(2530, 'średzki', 30),
(2602, 'złotoryjski', 2),
(2614, 'siedlecki', 14),
(2630, 'śremski', 30),
(2714, 'sierpecki', 14),
(2730, 'turecki', 30),
(2814, 'sochaczewski', 14),
(2830, 'wągrowiecki', 30),
(2914, 'sokołowski', 14),
(2930, 'wolsztyński', 30),
(3014, 'szydłowiecki', 14),
(3030, 'wrzesiński', 30),
(3130, 'złotowski', 30),
(3214, 'warszawski zachodni', 14),
(3314, 'węgrowski', 14),
(3414, 'wołomiński', 14),
(3514, 'wyszkowski', 14),
(3614, 'zwoleński', 14),
(3714, 'żuromiński', 14),
(3814, 'żyrardowski', 14);

--
-- Tabela Truncate przed wstawieniem `klient`
--

TRUNCATE TABLE `klient`;
--
-- Zrzut danych tabeli `klient`
--

INSERT INTO `klient` (`pesel_klienta`, `imie`, `nazwisko`, `adres`, `numer_kontaktowy`, `adres_email`, `haslo`, `id_rejonu`) VALUES
(40010924932, 'Czedrog ', 'Szeląg', 'Gnieźnieńska 175', 738095675, 'cszelag@gmail.com', 'tq92W9XlaA6io', 289),
(40013181358, 'Bartek', 'Turowski', 'Konińska 456', 726121266, 'bturowski@gmail.com', 'zfoSw.LdeJBaw', 12),
(40020496733, 'Krzesimir ', 'Bugaj', 'Sanocka 22', 550878480, 'kbugaj@gmail.com', '8ytoaisVZOSMM', 226),
(40022456937, 'Rodomil', 'Stachowicz', 'Gostynińska 167', 798766901, 'rstachowicz@gmail.com', 'djVQOk1fV9Sak', 309),
(40081779385, 'Niegowoj ', 'Grześkowiak', 'Białostocka 102', 545623145, 'ngrzeskowiak@gmail.com', 'orkm7nDfjs9XU', 48),
(40112878379, 'Humbelina ', 'Kulig', 'Jarosławska 268', 554112407, 'hkulig@gmail.com', 'xuC.eJzq7wR8k', 94),
(40122251412, 'Dobiemir ', 'Biały', 'Wałbrzyska 324', 536766233, 'dbialy@gmail.com', 'edmXcyXEC.qHM', 211),
(41011783849, 'Gardomir', 'Figura', 'Strzelecka 74', 763689680, 'gfigura@gmail.com', 'vkDCBCl0ZlI3w', 299),
(41012897484, 'Fryderyka ', 'Piechocki', 'Policka 20', 578423369, 'fpiechocki@gmail.com', 'm13svFk2IpEVw', 61),
(41050253819, 'Liwia ', 'Bień', 'Płońska 250', 741118650, 'lbien@gmail.com', 'gyZV9daRL03Ho', 164),
(41050576161, 'Magdalena', 'Ławniczak', 'Otwocka 249', 670433404, 'mlawniczak@gmail.com', 'n0s5Y.Hien2cI', 110),
(41060261224, 'Łucjan', 'Burda', 'Słupecka 154', 627258168, 'lburda@gmail.com', 'ybwYXasfcp/uE', 63),
(41122638739, 'Grzymisław ', 'Śledź', 'Lipnowska 310', 504298449, 'gsledz@gmail.com', 'oj1MpBnulc0hM', 67),
(42031614698, 'Diogenes ', 'Olszak', 'Wysokomazowiecka 45', 588892750, 'dolszak@gmail.com', 'ltE0Hj94UcIf6', 68),
(42061017371, 'Dobosława ', 'Czarnota', 'Prudnicka 149', 509022302, 'dczarnota@gmail.com', 'zugOjHLj9SET.', 82),
(42112231617, 'Emiliana ', 'Wołoszyn', 'Opoczyńska 23', 720628389, 'ewoloszyn@gmail.com', 'mr/dnlXdRJhNs', 171),
(43071986327, 'Grześ', 'Antoniak', 'Skarżyska 198', 612617053, 'gantoniak@gmail.com', 't8UImwJu9JwfY', 218),
(43081758426, 'Janusz', 'Magiera', 'Lubliniecka 445', 793433720, 'jmagiera@gmail.com', 'beVP9gTWGcLVY', 71),
(43082791444, 'Benita', 'Kawka', 'Świebodzińska 477', 784915163, 'bkawka@gmail.com', 'exRGClJkfMq3w', 281),
(43091063433, 'Łukasz', 'Jeziorski', 'Nowosądecka 365', 547857912, 'ljeziorski@gmail.com', 'wyMrFye4gbav2', 192),
(44011631372, 'Lolita ', 'Roszak', 'Ełcka 408', 777563551, 'lroszak@gmail.com', '15Pw8wg40z4v.', 57),
(44022247366, 'Benedykta', 'Plichta', 'Rycka 310', 544982656, 'bplichta@gmail.com', 'mo22uc8E6fgcg', 280),
(44050584354, 'Bernard', 'Młynarski', 'Zgierska 125', 598624303, 'bmlynarski@gmail.com', 'x7657NoaRSAQw', 282),
(44062974884, 'Leopold ', 'Kornacki', 'Pułtuska 46', 595781141, 'lkornacki@gmail.com', 'ru6uk.bhc0o8g', 101),
(44110716426, 'Staszek', 'Studziński', 'Krośnieńska 477', 555143338, 'sstudzinski@gmail.com', 'da703oW1cFL4Y', 19),
(45022338689, 'Błażej', 'Wyrzykowski', 'Makowska 50', 795034750, 'bwyrzykowski@gmail.com', 'jpPUJoc.ir0Oc', 195),
(45042139381, 'Dawida', 'Lewiński', 'Lubańska 189', 788940393, 'dlewinski@gmail.com', 'kplZlMIaatZwg', 216),
(45070999595, 'Leonard ', 'Czapliński', 'Puławska 263', 629473701, 'lczaplinski@gmail.com', '7hy9zpufq.nsA', 183),
(45120677174, 'Fausta', 'Ćwikliński', 'Gołdapska 35', 511250051, 'fcwiklinski@gmail.com', 'snu/2M0KpCxIY', 308),
(45121671122, 'Bonawentura', 'Grzesik', 'Brzeska 443', 674925433, 'bgrzesik@gmail.com', '1fvLvkK6kzdVM', 82),
(45122054928, 'Maksym ', 'Goliński', 'Krotoszyńska 255', 660506313, 'mgolinski@gmail.com', 'afM6IiaiGZNZY', 48),
(45123111455, 'Irmina ', 'Kazimierczak', 'Piska 100', 562375382, 'ikazimierczak@gmail.com', '9tP9tdnv9S6B.', 140),
(46022352495, 'Gorazd ', 'Kokot', 'Lwówecka 91', 597558935, 'gkokot@gmail.com', 'a875NtBXDijBY', 27),
(46022575146, 'Benedykta', 'Konarski', 'Bieruńsko-lędzińska 490', 636512858, 'bkonarski@gmail.com', '5vvLuivMMHDeI', 106),
(46032494152, 'Bartosz', 'Surma', 'Międzyrzecka 274', 605413662, 'bsurma@gmail.com', '3dG0dNpqpkEik', 38),
(46101413387, 'Dacjusz', 'Kupiec', 'Wałecka 147', 569191044, 'dkupiec@gmail.com', 'wvUQbviki.loQ', 86),
(47011312285, 'Domicela ', 'Niedziela', 'Buska 207', 559630960, 'dniedziela@gmail.com', 'w1jp6vLH90Lds', 238),
(47022286993, 'Julia ', 'Żuchowski', 'Malborska 211', 570352230, 'jzuchowski@gmail.com', 'u1FDcLTSLxnG2', 286),
(47031975822, 'Dymitr ', 'Biliński', 'Olkuska 174', 679097096, 'dbilinski@gmail.com', 'zikZCHo6QJvq6', 298),
(47032282631, 'Dalewuj', 'Bogacz', 'Staszowska 16', 618351834, 'dbogacz@gmail.com', '5nr3oJLFnkU6w', 276),
(47052997777, 'Anetka', 'Piotrowicz', 'Kutnowska 443', 795720989, 'apiotrowicz@gmail.com', 'l22ME.cLE5N.w', 86),
(47073112698, 'Gebhard ', 'Iwanowski', 'Polkowicka 340', 526069904, 'giwanowski@gmail.com', '4xkPynfzm0NHg', 125),
(47081231686, 'Bądzisława', 'Napiórkowski', 'Wołowska 449', 792888639, 'bnapiorkowski@gmail.com', 'zwu8wzVnvefLw', 60),
(47091462681, 'Lucyna ', 'Skorupa', 'Gryficka 374', 727273721, 'lskorupa@gmail.com', 'z5RfUcyB4U5TQ', 172),
(48010254921, 'Stella', 'Paszkiewicz', 'Myszkowska 423', 647651502, 'spaszkiewicz@gmail.com', 'eaFESi7cb8lFo', 292),
(48050672385, 'Ninomysł ', 'Lemański', 'Sochaczewska 85', 543458650, 'nlemanski@gmail.com', '0jG2rzq3hslFA', 69),
(48080857442, 'Gonsalwy ', 'Gadomski', 'Chodzieska 384', 674930664, 'ggadomski@gmail.com', '2hLldVzdbI26I', 194),
(48082683939, 'Drogodziej', 'Błoński', 'Pleszewska 163', 520699316, 'dblonski@gmail.com', 'ecfh6qNEfNfF2', 117),
(48121988483, 'Iweta ', 'Rożek', 'Legionowska 148', 700970824, 'irozek@gmail.com', 'arzreCH2.VlVo', 146),
(49010353412, 'Hortensjusz ', 'Nowiński', 'Chełmińska 50', 511077401, 'hnowinski@gmail.com', 'hud0pcxe.NHZg', 278),
(49081669876, 'Wladyslawa', 'Chudzik', 'Głogowska 116', 678639012, 'wchudzik@gmail.com', '9bK2np5wrQwA6', 89),
(50013153787, 'Beatrycze', 'Doliński', 'Niżańska 494', 614978296, 'bdolinski@gmail.com', 'faZycx9c1xc5Q', 300),
(50042444124, 'Gardenia ', 'Wolny', 'Kędzierzyńsko-koziea 396', 522443508, 'gwolny@gmail.com', '9fpcUC3EDdY4E', 1),
(50042598854, 'Otylia', 'Karcz', 'Siemiatycka 485', 667166358, 'okarcz@gmail.com', 'jwTDOcBUX64w.', 277),
(50052653381, 'Felicysym ', 'Kochański', 'Leszczyńska 216', 514506144, 'fkochanski@gmail.com', 'jcKZ5VPqaOw4Y', 298),
(50061998367, 'Łazarz', 'Wrzesiński', 'Kraśnicka 160', 697240669, 'lwrzesinski@gmail.com', '1xil3v0OvxUdM', 104),
(50062438936, 'Tyberiusz', 'Wojtkowiak', 'Chrzanowska 146', 584725646, 'twojtkowiak@gmail.com', 'cbAGSaJVVQV8Q', 169),
(50071116915, 'Cieszymysł ', 'Majkowski', 'Świdwińska 85', 677511443, 'cmajkowski@gmail.com', '7nxb3ugAgYI6E', 142),
(50080428715, 'Bazyliusz', 'Grabarczyk', 'Pszczyńska 302', 560501112, 'bgrabarczyk@gmail.com', 'wlldQHsVI/ciI', 63),
(50100556417, 'Ładysław ', 'Kawecki', 'Łaska 269', 600386175, 'lkawecki@gmail.com', '9bD9VGir8eSIg', 19),
(50102932666, 'Teodoryk', 'Słomka', 'Siedlecka 193', 541750806, 'tslomka@gmail.com', 'ifFkYzPpz6NTk', 170),
(51060728735, 'Ludgarda ', 'Korzeniewski', 'Żagańska 411', 645401016, 'lkorzeniewski@gmail.com', 'g4HEm9fFYnNXI', 303),
(51092574115, 'Justyn ', 'Szymanek', 'Rybnicka 377', 790785080, 'jszymanek@gmail.com', 'd2v8mZVWf/64g', 185),
(51112447315, 'Marek ', 'Szot', 'Starachowicka 388', 536424206, 'mszot@gmail.com', '2eih4dif6Vp.I', 88),
(51120137611, 'Iza', 'Szeliga', 'Brzezińska 496', 782417588, 'iszeliga@gmail.com', 'rrLBNZrpQSsoo', 231),
(51120331534, 'Ziemowit', 'Kruczek', 'Obornicka 298', 692020578, 'zkruczek@gmail.com', 'acrLlaW0xZAmo', 132),
(52051716582, 'Iryda ', 'Woliński', 'Aleksandrowska 422', 735433066, 'iwolinski@gmail.com', 'xrtPOx9ROgBqw', 125),
(52062245363, 'Emilka', 'Piwowarski', 'Łęczyńska 135', 620644841, 'epiwowarski@gmail.com', 'g7P17tRAyT9Jw', 65),
(52072948922, 'Niestoj ', 'Nadolski', 'Ropczycko-sędziszowa 493', 532892579, 'nnadolski@gmail.com', '4bCc7gS3M6pGM', 187),
(52090449373, 'Oskar', 'Grudzień', 'Gliwicka 485', 757875275, 'ogrudzien@gmail.com', 'q99IZsx9vTmDQ', 123),
(53042938381, 'Witolda', 'Perkowski', 'Oleśnicka 420', 700709801, 'wperkowski@gmail.com', 'lo6Y0717bZN.g', 260),
(53050174126, 'Konradyna ', 'Wrzosek', 'Wadowicka 454', 535169764, 'kwrzosek@gmail.com', 'fqRNLOOPMCiFQ', 273),
(53052029189, 'Florentyna ', 'Gola', 'Pucka 262', 555460114, 'fgola@gmail.com', 'k2hrR82xELq/U', 112),
(53080963978, 'Falisława ', 'Suchecki', 'Nowodworska 368', 508424903, 'fsuchecki@gmail.com', 'svbm4FKt9AwTo', 295),
(54010436878, 'Marika ', 'Sobota', 'Kętrzyńska 348', 628873536, 'msobota@gmail.com', 'cs9x77hR11tts', 21),
(54030313966, 'Olga', 'Gliński', 'Rzeszowska 26', 728694389, 'oglinski@gmail.com', '0zDK04aRL0njU', 207),
(54042346523, 'Gabriel', 'Świątkowski', 'Leżajska 453', 767557845, 'gswiatkowski@gmail.com', '42kavg.hz74t6', 234),
(54071814583, 'Bogumiła', 'Porębski', 'Gorlicka 239', 760534600, 'bporebski@gmail.com', 'e8UzmmTaE1dXE', 286),
(54083053549, 'Tymoteusz', 'Kolasiński', 'Tarnogórska 288', 561814953, 'tkolasinski@gmail.com', '65XGfnWJTgBiA', 97),
(54120913571, 'Ludomił ', 'Reszka', 'Tczewska 206', 542814781, 'lreszka@gmail.com', '7xKeKgTdyPCIg', 152),
(55021055421, 'Hugona ', 'Wyszyński', 'Kartuska 355', 767389632, 'hwyszynski@gmail.com', 'r9Wp/CohJEEUE', 104),
(55032033812, 'Grzymisław ', 'Herman', 'Krapkowicka 479', 558031506, 'gherman@gmail.com', 'mb4CcFj5aJsH6', 31),
(55061029994, 'Kordian ', 'Wojtasik', 'Łęczycka 42', 715117556, 'kwojtasik@gmail.com', '3psf9QA2cCagE', 107),
(55082648817, 'Orchidea', 'Drożdż', 'Kolbuszowska 203', 578701763, 'odrozdz@gmail.com', 'ymnaLmAvXfkVE', 31),
(55092296875, 'Marta ', 'Biskup', 'Kościańska 331', 717641152, 'mbiskup@gmail.com', 'hpAgOHynQe1vA', 202),
(55102877388, 'Beda', 'Korzeniowski', 'Będzińska 238', 602663526, 'bkorzeniowski@gmail.com', 'g3Nt.qOP19Z.o', 91),
(55110152596, 'Mysław ', 'Kusiak', 'Skierniewicka 322', 546506048, 'mkusiak@gmail.com', '4h6VFfgGNE2Jw', 266),
(56010485883, 'Wenancjusz', 'Dworak', 'Radomska 290', 503439819, 'wdworak@gmail.com', 'b0ea2znvLcuFE', 101),
(56041591331, 'Wirginia', 'Sojka', 'Kolneńska 350', 560875504, 'wsojka@gmail.com', 'bc9mPuVRaYUyg', 289),
(56052421197, 'Sebastiana', 'Cichosz', 'Radomszczańska 144', 754338360, 'scichosz@gmail.com', 'vmDbSrgPOt2.s', 119),
(56060183168, 'Maja ', 'Lange', 'Starogardzka 94', 587023984, 'mlange@gmail.com', '9h8t0NjYtVnrA', 280),
(56110721755, 'Kleopatra ', 'Jaroszewski', 'Wodzisławska 337', 741266097, 'kjaroszewski@gmail.com', 'a4a4Z.Vot6JX2', 1),
(56121953347, 'Eleonora', 'Frankiewicz', 'Łobeska 254', 528642594, 'efrankiewicz@gmail.com', '875BsnXkrY726', 301),
(57032213265, 'Eliasz', 'Wojda', 'Inowrocławska 36', 791432499, 'ewojda@gmail.com', 'vuvLlMyTUWjCs', 204),
(57041867299, 'Witomir', 'Grodzki', 'Sępoleńska 411', 633173284, 'wgrodzki@gmail.com', 'hptuirKHn.fek', 238),
(57081395189, 'Ilza ', 'Malik', 'Jeleniogórska 232', 700895628, 'imalik@gmail.com', 'uzD4vtPr6KTlg', 303),
(57082638993, 'Bianka', 'Rudziński', 'Gorzowska 159', 530554500, 'brudzinski@gmail.com', '8aVjKrA1BtWOs', 176),
(57101063618, 'Dobromira ', 'Szweda', 'Leska 225', 732268398, 'dszweda@gmail.com', 'gsZjD8BJM4t6s', 164),
(57112232162, 'Jaromir ', 'Ratajczyk', 'Kościerska 491', 545093207, 'jratajczyk@gmail.com', 's5yMeHhCh5Oh2', 255),
(58011537958, 'Dacjusz', 'Gajek', 'Płocka 131', 544289552, 'dgajek@gmail.com', 'zj38M/mvMGnf6', 301),
(58061384517, 'Emil', 'Śmigielski', 'Kamiennogórska 80', 656198508, 'esmigielski@gmail.com', 'ckBCJWu7mrur.', 40),
(58071147232, 'Wirgiliusz', 'Krauze', 'Słupska 152', 790535373, 'wkrauze@gmail.com', 'ngYInBC7Hwrho', 293),
(58082699869, 'Remig', 'Lesiak', 'Słubicka 49', 595877358, 'rlesiak@gmail.com', '6tyeXktYO6Ti6', 96),
(59012918292, 'Ciechosław ', 'Łukaszewicz', 'Łódzki wschodna 205', 536167860, 'clukaszewicz@gmail.com', 'qteJWLPPljXVs', 119),
(59062396181, 'Emerencja ', 'Mielcarek', 'Zielonogórska 25', 547200515, 'emielcarek@gmail.com', 'j3QsuHCYfSGao', 201),
(59062472225, 'Witold', 'Maślanka', 'Bielska 33', 761559142, 'wmaslanka@gmail.com', 'fut.EQc1JYQgw', 51),
(60031436825, 'Gliceria ', 'Kozakiewicz', 'Myśliborska 459', 642163121, 'gkozakiewicz@gmail.com', 'ooziGXlyJMqRw', 196),
(60040915184, 'Bończa', 'Chmura', 'Chojnicka 151', 514434841, 'bchmura@gmail.com', '2sOHNZObaBB7E', 107),
(60070922842, 'Adolfina', 'Wojtas', 'Bytowska 288', 624201913, 'awojtas@gmail.com', 'uuXvPzlh8rg8A', 108),
(60082267924, 'Jolanta', 'Duszyński', 'Bydgoska 314', 587065062, 'jduszynski@gmail.com', 'ty/S1oF.nEqzY', 179),
(60082299772, 'Krzysław ', 'Jakubczyk', 'Parczewska 227', 798912854, 'kjakubczyk@gmail.com', '9sSdiGCg/Tefs', 196),
(60090336962, 'Sebastian', 'Kapuściński', 'Opolska 222', 748656594, 'skapuscinski@gmail.com', 'ziTNxs1hDXz1E', 256),
(60091889834, 'Lenart ', 'Golec', 'Braniewska 231', 663196303, 'lgolec@gmail.com', '8skXk9cbiIPL2', 106),
(61010391971, 'Blandyna ', 'Kępka', 'Olsztyńska 156', 665030031, 'bkepka@gmail.com', 'srm6E0DPk7jOU', 257),
(61030213882, 'Krzesława ', 'Rudzki', 'Hrubieszowska 158', 775496981, 'krudzki@gmail.com', 'y3yfp.wDVwn/k', 204),
(61041136242, 'Remigiusz', 'Krasowski', 'Grudziądzka 401', 535260291, 'rkrasowski@gmail.com', 'iyoAuAqtmaYLw', 59),
(61050386847, 'Mironiega ', 'Stachurski', 'Bocheńska 495', 568208179, 'mstachurski@gmail.com', 'pykEqZER/VLCc', 53),
(61090663966, 'Fabia', 'Bielski', 'Konecka 188', 710502443, 'fbielski@gmail.com', 'dbqKncuFpQ4PM', 121),
(62031526342, 'Judyta ', 'Podsiadło', 'Węgorzewska 219', 679631594, 'jpodsiadlo@gmail.com', 'qmP4sIlAQgPFY', 216),
(62081497687, 'Jerzy', 'Gwóźdź', 'Bartoszycka 94', 698562076, 'jgwozdz@gmail.com', 'm3OvzQmtvUCfQ', 236),
(62092521397, 'Cyprian ', 'Salamon', 'Kłobucka 298', 663818443, 'csalamon@gmail.com', 'acWtUlS5BUpp2', 298),
(63021494654, 'Faustyn', 'Dymek', 'Krakowska 264', 651824211, 'fdymek@gmail.com', 'ikq4k6M4uBDng', 298),
(63030349185, 'Ireneusz ', 'Gut', 'Łukowska 142', 664214342, 'igut@gmail.com', 'leIOH.S5YUK76', 278),
(63040769722, 'Hugon ', 'Kuliński', 'Nowosolska 242', 640669194, 'hkulinski@gmail.com', 'byCS5UaOiM3W6', 282),
(63040855432, 'Remigiusz', 'Jurczak', 'Koszalińska 381', 715507649, 'rjurczak@gmail.com', 'yycA3RUkgqWYY', 97),
(63053078228, 'Czesbor ', 'Piskorz', 'Żnińska 29', 664670830, 'cpiskorz@gmail.com', '9jW9cELb0m.WI', 180),
(63061684772, 'Jaśmina ', 'Szymkowiak', 'Dzierżoniowska 121', 639078067, 'jszymkowiak@gmail.com', 'kc.0gMeA58mos', 187),
(63081944728, 'Zdzislawa', 'Bartnik', 'Garwolińska 417', 667625443, 'zbartnik@gmail.com', 'mkH7D.18RP8NY', 93),
(63101398126, 'Regina', 'Sęk', 'Kwidzyńska 36', 622261751, 'rsek@gmail.com', 'psVpuD2kVTOjo', 259),
(64010816282, 'Justyn ', 'Werner', 'Łańcucka 107', 583884600, 'jwerner@gmail.com', 'm8UGVFgrQDpog', 240),
(64082457183, 'Smyslaw', 'Maciąg', 'Bialska 313', 782340585, 'smaciag@gmail.com', 'mj1cD3nPvWA2E', 261),
(65070691631, 'Areta', 'Dolata', 'Miechowska 62', 638110900, 'adolata@gmail.com', 'ivff3bjfnszD.', 294),
(65081859495, 'Wladyslawa', 'Górna', 'Lidzbarska 222', 522242893, 'wgorna@gmail.com', 'kuyWFWIkv50Jw', 13),
(65111945941, 'Elka', 'Krakowski', 'Strzelecko-drezdenea 225', 679318708, 'ekrakowski@gmail.com', 'knunztzwGtd7Y', 202),
(65112277928, 'Bianka', 'Kmieć', 'Łowicka 282', 771865285, 'bkmiec@gmail.com', 'sy6QUCAJfevyI', 264),
(65112625332, 'Dalewin', 'Prus', 'Brzeska 201', 556677093, 'dprus@gmail.com', '0wqUkiLMpURRI', 234),
(65120189189, 'Cyra ', 'Knap', 'Zawierciańska 339', 777704093, 'cknap@gmail.com', 'i4KYEiUgxMMLw', 187),
(66022165921, 'Ismena ', 'Żyła', 'Bolesławiecka 459', 753789083, 'izyla@gmail.com', '3sKZ9SbzJ5EVA', 150),
(66030548431, 'Luboradz ', 'Kostecki', 'Bielska 277', 722962876, 'lkostecki@gmail.com', '1lO2kbZl2r.mM', 19),
(66082897385, 'Liliana', 'Kołodziejczak', 'Piaseczyńska 495', 601597034, 'lkolodziejczak@gmail.com', '3mQ3t87.ENXxU', 229),
(67032132675, 'Lechosława ', 'Warzecha', 'Legnicka 292', 600509100, 'lwarzecha@gmail.com', 'klvU9rUcayIOY', 290),
(67052071725, 'Manuela ', 'Olech', 'Wąbrzeska 487', 616019622, 'molech@gmail.com', '8nFCJI5u6QRtE', 4),
(67072813574, 'Epifan ', 'Kuciński', 'Brzozowska 18', 523533972, 'ekucinski@gmail.com', 'dfGNHij9Fx4/E', 91),
(67091586853, 'Dobroniega ', 'Trela', 'Opatowska 47', 687959337, 'dtrela@gmail.com', 'r3QzF90toz9K2', 268),
(67101261749, 'Klemencja ', 'Włoch', 'Strzyżowska 172', 753443113, 'kwloch@gmail.com', 'pba07dAUTf3fM', 61),
(67101491261, 'Konradyn ', 'Ciołek', 'Łomżyńska 368', 651389142, 'kciolek@gmail.com', 'y8peLlvlInbdI', 100),
(67120882567, 'Jeremi ', 'Ambroziak', 'Iławska 326', 567756552, 'jambroziak@gmail.com', 'thOjc4K2o5skA', 55),
(68021694554, 'Beatrycze', 'Roman', 'Kołobrzeska 428', 505741328, 'broman@gmail.com', '1an2Zr7ahQcm.', 166),
(68030943414, 'Ksaweryna ', 'Brodowski', 'Żarska 392', 577866802, 'kbrodowski@gmail.com', 'x81nejJlO5MmU', 298),
(68031886749, 'Balbina', 'Kostka', 'Pruszkowska 421', 500719285, 'bkostka@gmail.com', '9ilaQgyWEcDQI', 155),
(68060146131, 'Nadia', 'Rudnik', 'Giżycka 194', 613649551, 'nrudnik@gmail.com', 'cseXwyriTdIEI', 230),
(68070595318, 'Bonawentura', 'Puchała', 'Tatrzańska 236', 603103494, 'bpuchala@gmail.com', 'w6nRQJlEIjiz2', 96),
(68072784767, 'Emerencja ', 'Guz', 'Zgorzelecka 107', 755970435, 'eguz@gmail.com', '9dwqhHU0k20Hg', 198),
(68091697431, 'Ładysław ', 'Adamiec', 'Grajewska 476', 756966904, 'ladamiec@gmail.com', '6jTqjHHj9gut6', 136),
(69020267176, 'Niestoj ', 'Niedźwiecki', 'Chełmska 485', 541952123, 'nniedzwiecki@gmail.com', 'yanz.mi02ckQk', 250),
(69051949111, 'Nina ', 'Kawa', 'Hajnowska 15', 638270216, 'nkawa@gmail.com', 'csuM4XZRVcpRw', 69),
(69111226327, 'Jaromira ', 'Surowiec', 'Przasnyska 9', 655696092, 'jsurowiec@gmail.com', 'oq.wCXLwEYNos', 171),
(69112085145, 'Falibog', 'Makuch', 'Lipska 242', 688420002, 'fmakuch@gmail.com', 'o9Zl6YEoXx0q2', 217),
(69120137654, 'Druzjanna ', 'Roszkowski', 'Nakielska 272', 696525437, 'droszkowski@gmail.com', 'o0asPBomks3ws', 204),
(70101545212, 'Hiacynt ', 'Stawicki', 'Górowska 13', 533729466, 'hstawicki@gmail.com', 'e5oigsPH0QlvU', 154),
(71020689878, 'Dobrociech ', 'Franczak', 'Ostrowska 109', 643814196, 'dfranczak@gmail.com', '6bh.TA4..pZbs', 235),
(71020863733, 'Majka', 'Kuźma', 'Golubsko-dobrzyńska 37', 661011296, 'mkuzma@gmail.com', 'sp2xXpea4vi3Y', 146),
(71031031378, 'Maur ', 'Borys', 'Ostrowska 373', 543931331, 'mborys@gmail.com', 'hyTAUa3TIMN4c', 157),
(71041773648, 'Florencjusz ', 'Tomasik', 'Gryfińska 420', 796461062, 'ftomasik@gmail.com', '277Zv1G6aRgII', 134),
(71060181725, 'Maura ', 'Dutkiewicz', 'Kozienicka 446', 719365456, 'mdutkiewicz@gmail.com', 's4cdOFAShA97E', 309),
(71062355739, 'Cibor ', 'Furman', 'Białobrzeska 79', 585206822, 'cfurman@gmail.com', 'hvNvQFr5pl3.o', 298),
(71071569671, 'Franciszek ', 'Tokarz', 'Mławska 339', 521058482, 'ftokarz@gmail.com', 'd392NHxW2m9q6', 102),
(71112517175, 'Klotylda ', 'Szczęsna', 'Człuchowska 98', 645689339, 'kszczesna@gmail.com', 'azhl5v3QT5hqg', 266),
(72030443478, 'Radzislawa', 'Flak', 'Bełchatowska 241', 721164740, 'rflak@gmail.com', 'h5/Ds.RbTIQrU', 76),
(73011397948, 'Gorazd ', 'Lenart', 'Gostyńska 275', 640495015, 'glenart@gmail.com', 'rrqb0w7r.wxzc', 218),
(73041738713, 'Karolina ', 'Wach', 'Oświęcimska 87', 517368915, 'kwach@gmail.com', 'dhVvQT1OHmuHM', 242),
(73080617981, 'Konstanty ', 'Rusek', 'Sejneńska 386', 636315831, 'krusek@gmail.com', '4gxygvMzg4CrE', 301),
(73090944743, 'Mojżesz ', 'Pietruszka', 'Głubczycka 400', 745818337, 'mpietruszka@gmail.com', 'adPVgnb2a165I', 220),
(74021978257, 'Ariel', 'Siwiec', 'Mielecka 63', 729236643, 'asiwiec@gmail.com', 'ncHK7nHMu4n.2', 141),
(74051975752, 'Monia', 'Pilch', 'Janowska 357', 551789773, 'mpilch@gmail.com', 'g2/.HPmvdeMB2', 228),
(74060182789, 'Narcyza ', 'Pastuszka', 'Sierpecka 221', 706142411, 'npastuszka@gmail.com', 'joeHtcOv7NbwY', 37),
(74060774636, 'Hilary ', 'Przybyszewski', 'Wielicka 343', 766285984, 'hprzybyszewski@gmail.com', '6thpugSiVwpuo', 121),
(74112424278, 'Mieczysław ', 'Zabłocki', 'Augustowska 122', 653092223, 'mzablocki@gmail.com', '4ow59MBUTk4yU', 258),
(74120673941, 'Elżbieta ', 'Janczak', 'Szczecinecka 456', 750230814, 'ejanczak@gmail.com', 'nwaO1/wpWxag6', 137),
(74121858899, 'Dobrosław ', 'Kos', 'Kielecka 374', 585117577, 'dkos@gmail.com', 'kmh/5RPBLGOuM', 56),
(75032514216, 'Dalewuja', 'Juszczyk', 'Sandomierska 83', 512610412, 'djuszczyk@gmail.com', '5ipu67Ze6eJOc', 225),
(75042398884, 'Staszek', 'Paradowski', 'Przeworska 246', 763426100, 'sparadowski@gmail.com', '6qdS8ETPCTaCY', 289),
(75061469558, 'Dagmara ', 'Wydra', 'Śremska 143', 741667671, 'dwydra@gmail.com', 'xxGmGvXj6OyVM', 54),
(75061839571, 'Smyslaw', 'Pierzchała', 'Poznańska 144', 762051686, 'spierzchala@gmail.com', '69qd.keFW/D/s', 159),
(75070118997, 'Ostrobod', 'Gorczyca', 'Krasnostawska 288', 596641826, 'ogorczyca@gmail.com', '8eTh.idiHE8h.', 278),
(75111318812, 'Leonard ', 'Potocki', 'Tomaszowska 3', 605869516, 'lpotocki@gmail.com', 'uhjFdoTSYI4GQ', 236),
(76022592856, 'Grzes', 'Kaźmierski', 'Proszowicka 322', 522715049, 'gkazmierski@gmail.com', 'a6zqN60hDjNVQ', 141),
(76043086624, 'Tadeusz', 'Paprocki', 'Kępińska 17', 791066579, 'tpaprocki@gmail.com', 'emSCnBpxdWjlU', 237),
(76080561175, 'Witold', 'Domagalski', 'Sztumska 1', 509405651, 'wdomagalski@gmail.com', 'ei5p4aLlL9kjU', 49),
(76122073354, 'Olgierd', 'Banaszek', 'Limanowska 251', 764704143, 'obanaszek@gmail.com', '3y9CsnfGnUDXE', 285),
(76122211761, 'Patryk', 'Pogorzelski', 'Łosicka 288', 512514818, 'ppogorzelski@gmail.com', 'rnH4qduC0r9j2', 153),
(77011747284, 'Aleksander', 'Sekuła', 'Mińska 471', 760632492, 'asekula@gmail.com', '7q007IPDXwhNI', 163),
(77032222173, 'Hiacynta ', 'Staszak', 'Lubińska 343', 667776010, 'hstaszak@gmail.com', 'nu5ypxAiDIC3A', 234),
(77061612714, 'Agata', 'Kujawski', 'Jasielska 456', 577564005, 'akujawski@gmail.com', 'y53tvRKhpnbpw', 177),
(77081072934, 'SykstuS', 'Jarząbek', 'Jędrzejowska 34', 547289918, 'sjarzabek@gmail.com', 'bcVTswlV3C8Q.', 185),
(77110581563, 'Konradyna ', 'Bury', 'Pabianicka 306', 612885248, 'kbury@gmail.com', 'ljQzm8Pe9dt0I', 16),
(77112324975, 'Emilian ', 'Karolak', 'Toruńska 181', 775889651, 'ekarolak@gmail.com', '0eVnZtBSp2wzk', 162),
(78030838883, 'Łukasz', 'Nalepa', 'Ostrzeszowska 390', 789154918, 'lnalepa@gmail.com', 'd2EkMk2R1mkyA', 151),
(78100683926, 'Karol ', 'Bojarski', 'Średzka 333', 652300755, 'kbojarski@gmail.com', 'z8kfKlDnVzNE.', 172),
(79021729827, 'Miecisław ', 'Kalisz', 'Kluczborska 460', 695260228, 'mkalisz@gmail.com', 'k2OlScM749q5c', 157),
(79042578514, 'Ziemowit', 'Gołąbek', 'Wieruszowska 473', 678221651, 'zgolabek@gmail.com', 'g55zb0zWHL1GY', 44),
(79050352276, 'Niegodoma ', 'Tracz', 'Działdowska 70', 724004653, 'ntracz@gmail.com', 'fpdN8rG37YVfY', 100),
(79070833698, 'Grześ', 'Daniel', 'Przysuska 256', 554315076, 'gdaniel@gmail.com', 'qdxkD3UBCNXKM', 117),
(79082575492, 'Kalasanty ', 'Ossowski', 'Biłgorajska 211', 765014746, 'kossowski@gmail.com', '5aYrSpwnmvYkg', 49),
(79092497395, 'Adolfina', 'Jóźwik', 'Częstochowska 273', 567321234, 'ajozwik@gmail.com', '05SpUTH9eDZe2', 153),
(79100496161, 'Wieslawa', 'Sobczyński', 'Złotoryjska 418', 525866568, 'wsobczynski@gmail.com', '12dp8T1MkZ77M', 292),
(79120963128, 'Gustaw ', 'Kruszyński', 'Mrągowska 167', 675834765, 'gkruszynski@gmail.com', 'kpwOYl1M7rVEI', 294),
(80030573325, 'Marcelian ', 'Szarek', 'Żywiecka 38', 568577011, 'mszarek@gmail.com', 'c9TCv4HTx.Fhw', 288),
(80031726173, 'Florentyna ', 'Jurczyk', 'Lęborska 356', 614406032, 'fjurczyk@gmail.com', 'ncyVYv9i1h.UQ', 244),
(80032535569, 'Ciechosława', 'Kosowski', 'Goleniowska 29', 562800911, 'ckosowski@gmail.com', '95zq0AtXBPQDw', 275),
(80052252341, 'Bożymir', 'Osuch', 'Stargardzka 182', 768654700, 'bosuch@gmail.com', 'iaalVXXHAm9hw', 123),
(80062226828, 'Kornel ', 'Hoffmann', 'Suska 378', 573244299, 'khoffmann@gmail.com', '3yKUPPdQ5OrCI', 300),
(80121883214, 'Aneta', 'Banaszak', 'Wschowska 290', 635850824, 'abanaszak@gmail.com', 'drLDAXCdMuDvU', 167),
(81031158735, 'Fortunat ', 'Polański', 'Tucholska 363', 629360870, 'fpolanski@gmail.com', '3xztnjSQt0HIw', 309),
(81090271776, 'Fausta', 'Pełka', 'Oleska 156', 548672120, 'fpelka@gmail.com', 'j20aMHTZ/b.7E', 276),
(81110126767, 'Madzia ', 'Kwiatek', 'Radziejowska 18', 783677076, 'mkwiatek@gmail.com', 'hcq879CP/1RJ6', 196),
(82011669791, 'Budzisław', 'Piętka', 'Pajęczańska 361', 707805036, 'bpietka@gmail.com', '7fLbejS5PsHSQ', 94),
(82012213333, 'Dawid ', 'Grudziński', 'Jaworska 373', 530707942, 'dgrudzinski@gmail.com', 'if0PVNNK6jGic', 87),
(82042793571, 'Janusz', 'Oleksy', 'Wieluńska 374', 754735059, 'joleksy@gmail.com', 'n2F8ErSPtQ9xQ', 2),
(82061443363, 'Hubysław ', 'Szwarc', 'Grodziska 475', 502405815, 'hszwarc@gmail.com', 'fg7vd1QbFfcGY', 62),
(82072694516, 'Jerzy', 'Szymanowski', 'Pyrzycka 73', 582853722, 'jszymanowski@gmail.com', '4anvgrCX53G3U', 297),
(82100515125, 'Elżbieta ', 'Królak', 'Kolska 493', 738950816, 'ekrolak@gmail.com', 'ioqdao.pNX6yY', 10),
(83052069959, 'Gwidon ', 'Stachowski', 'Świdnicka 249', 684225255, 'gstachowski@gmail.com', 'vaDoVMnlY4SbA', 183),
(83070229863, 'Cieszyrad ', 'Piech', 'Wejherowska 321', 626617065, 'cpiech@gmail.com', 'zavU34zCYZSz.', 60),
(83072821674, 'Olaf', 'Ślęzak', 'Kamieńska 413', 569949381, 'oslezak@gmail.com', '4d745qL.zzUZU', 218),
(83081441698, 'Chryzant ', 'Szymaniak', 'Włocławska 103', 615902685, 'cszymaniak@gmail.com', '3mr3jZZBPv8Rs', 100),
(84090652428, 'Gliceria ', 'Majka', 'Kazimierska 144', 710454707, 'gmajka@gmail.com', '6qF4F26E7mtrw', 204),
(84090941814, 'Armand', 'Sarnowski', 'Trzebnicka 290', 555066184, 'asarnowski@gmail.com', '4vcJdko/G3Ug.', 57),
(84121354998, 'Martyn ', 'Barszcz', 'Ostrołęcka 22', 603881102, 'mbarszcz@gmail.com', '8nA/E0Czp8As.', 190),
(85020329517, 'Czcibora ', 'Rzepecki', 'Sokólska 475', 619310612, 'crzepecki@gmail.com', 'aaQ0taNI05CNU', 45),
(85032686154, 'Florenty ', 'Wiącek', 'Cieszyńska 385', 593050830, 'fwiacek@gmail.com', 'ke3zwzFxCKUz6', 77),
(85053011355, 'Monia', 'Kosmala', 'Opolska 282', 723885686, 'mkosmala@gmail.com', 'v49DmlovVlkvw', 14),
(85071657854, 'Bartosz', 'Lachowicz', 'Szczycieńska 446', 712442412, 'blachowicz@gmail.com', 'f68G7.YLmnCOc', 273),
(85082444199, 'Zacheusz', 'Mackiewicz', 'Bieszczadzka 276', 793450980, 'zmackiewicz@gmail.com', '2ogFuEZhwxIGw', 74),
(86062846262, 'Felicja ', 'Plewa', 'Zamojska 175', 561067634, 'fplewa@gmail.com', '29OwYgxWnZTNY', 306),
(86100178249, 'Bądzisława', 'Zarębski', 'Strzelińska 241', 516360351, 'bzarebski@gmail.com', '74Xq3Ze75nxto', 260),
(86101958897, 'Jacenty ', 'Czapski', 'Tarnobrzeska 99', 626636279, 'jczapski@gmail.com', 'qw4EkBs1cr8Lg', 163),
(86110246628, 'Heliasz ', 'Kaliński', 'Świecka 64', 546857973, 'hkalinski@gmail.com', 'grkdQpWjyZgoQ', 126),
(86121695392, 'Ludmiła ', 'Ludwiczak', 'Zduńskowolska 84', 720688508, 'lludwiczak@gmail.com', 'nd49YJIGJpdto', 56),
(87011642113, 'Malkolm ', 'Kozicki', 'Średzka 285', 763984265, 'mkozicki@gmail.com', '4udinPZbAzzbQ', 219),
(87032375924, 'Tymoteusz', 'Kogut', 'Drawska 110', 599528902, 'tkogut@gmail.com', '4vRag7ctCcuds', 2),
(87041677622, 'Gośka', 'Cyran', 'Wrocławska 68', 711775867, 'gcyran@gmail.com', 'flZ105W57dFZw', 40),
(88013199368, 'Cieszysława ', 'Adamczewski', 'Jarocińska 259', 617062480, 'cadamczewski@gmail.com', 'co21j/oyRDpVA', 127),
(88052759813, 'Nestor ', 'Kurzawa', 'Oławska 133', 545369576, 'nkurzawa@gmail.com', 'na4NEmEWrYqUw', 303),
(88080798895, 'Wit', 'Filip', 'Lubartowska 11', 640012160, 'wfilip@gmail.com', 'l1KwFBPmlOxz2', 85),
(88082295482, 'Bożysław', 'Woźnica', 'Pińczowska 473', 771067288, 'bwoznica@gmail.com', '04LHapFGRwPPk', 214),
(88090162615, 'Hubysław ', 'Wiszniewski', 'Ząbkowicka 365', 514146890, 'hwiszniewski@gmail.com', '47BenUrawrOZc', 15),
(88092727489, 'Wislaw', 'Bartoszek', 'Olecka 314', 674929160, 'wbartoszek@gmail.com', 'rf6li0YWh5r1Q', 12),
(89041388322, 'Witomir', 'Korczak', 'Moniecka 20', 790480842, 'wkorczak@gmail.com', '6fFklhrqRwvzI', 228),
(89071371493, 'Norman', 'Kempa', 'Stalowowolska 312', 778179618, 'nkempa@gmail.com', '5evSUu8MjjndQ', 242),
(89111585248, 'Apollonia', 'Łoś', 'Nowodworska 6', 713459149, 'alos@gmail.com', 'zydeOTWw7h9YA', 165),
(89122596839, 'Hilaria ', 'Ferenc', 'Nidzicka 17', 597513678, 'hferenc@gmail.com', 'gayzigr8pDHq.', 166),
(90011886649, 'Hilary ', 'Rybka', 'Piotrkowska 181', 774671060, 'hrybka@gmail.com', 'u1RPFhqPU.mVI', 156),
(90050347754, 'Mikołaj ', 'Raczkowski', 'Rypińska 221', 787284342, 'mraczkowski@gmail.com', 'xdIlyh1LIsluM', 146),
(90080132151, 'Tezeusz', 'Kozik', 'Lubaczowska 488', 723515361, 'tkozik@gmail.com', 'yxT6gTI1lHiiI', 252),
(90081745967, 'Czarek', 'Szczerba', 'Dębicka 391', 769594167, 'cszczerba@gmail.com', 'rvfDtS2RmKilI', 48),
(90082137772, 'Eugeniusz ', 'Bogdański', 'Nowotarska 89', 742188549, 'ebogdanski@gmail.com', 'lvFLOBe3ir52Q', 159),
(90112035779, 'Leon ', 'Olczyk', 'Kłodzka 381', 718661640, 'lolczyk@gmail.com', '9207HG6Guj.J.', 114),
(90120347822, 'Lechosław ', 'Frydrych', 'Wągrowiecka 327', 684802666, 'lfrydrych@gmail.com', '04InYXEm7dwc6', 38),
(90123023835, 'Danuta ', 'Krukowski', 'Gdańska 296', 696317839, 'dkrukowski@gmail.com', 'n6CKFY60ik7I.', 158),
(91012444841, 'Wit', 'Szopa', 'Suwalska 307', 561186861, 'wszopa@gmail.com', 'gxX2KQs5LBHu.', 58),
(91032393116, 'Gosława ', 'Budziński', 'Brodnicka 288', 527751526, 'gbudzinski@gmail.com', '7hMDQFvVmWPLE', 233),
(91062615781, 'Ramona', 'Kozera', 'Włodawska 105', 599585005, 'rkozera@gmail.com', '6jhhmCh1Vqe7M', 11),
(91111739336, 'Roberta', 'Skorupski', 'Szamotulska 324', 580525759, 'rskorupski@gmail.com', '575Na1wwoWce2', 127),
(92031934737, 'Cyryl ', 'Klimas', 'Turecka 257', 566366291, 'cklimas@gmail.com', 'e7q9A/4ffAo/M', 178),
(92071915118, 'Bożo', 'Sobański', 'Namysłowska 439', 753158000, 'bsobanski@gmail.com', 'qmcEaKVmN/rrw', 185),
(92072896726, 'Karolina ', 'Kraszewski', 'Myślenicka 207', 549989443, 'kkraszewski@gmail.com', 'f5tqd8NBgmW0c', 188),
(92081881348, 'Budzisława', 'Kulpa', 'Rawicka 79', 547694623, 'bkulpa@gmail.com', '8yLV1wP7dGDIU', 102),
(92122536756, 'Festus ', 'Szuba', 'Mogileńska 306', 585712665, 'fszuba@gmail.com', 'gozEFIXfvSZdU', 187),
(93040369165, 'Gustawa ', 'Czuba', 'Nowomiejska 103', 616950067, 'gczuba@gmail.com', 'vhM1tUbVaHSuE', 106),
(93050876819, 'Druzjan ', 'Rokicki', 'Sieradzka 306', 592731306, 'drokicki@gmail.com', 'r0RqM.YUIPMso', 225),
(93052057694, 'Leokadiusz ', 'Niezgoda', 'Nowotomyska 449', 696014655, 'lniezgoda@gmail.com', 'wfEGBMN8drNT6', 181),
(93062078173, 'Hilaria ', 'Romański', 'Radzyńska 403', 646194077, 'hromanski@gmail.com', 'leP.ENqHazbio', 7),
(93072631856, 'Bazylisa', 'Dobrzański', 'Poddębicka 484', 795557396, 'bdobrzanski@gmail.com', 'l1oHt/CQFCKFw', 9),
(93110952174, 'Nadar ', 'Solecki', 'Świdnicka 451', 639840804, 'nsolecki@gmail.com', '72R5.Hb9EExMU', 198),
(93121797771, 'Danio', 'Warchoł', 'Krośnieńska 64', 551888983, 'dwarchol@gmail.com', '6lSFCqkE2HotM', 152),
(94013027895, 'Honoriusz ', 'Waszkiewicz', 'Ostródzka 295', 782627485, 'hwaszkiewicz@gmail.com', 'tbwoCx0/7dtTI', 297),
(94040784376, 'Ewelinka', 'Dziura', 'Grójecka 108', 569405140, 'edziura@gmail.com', 'wcke.gevHN/mU', 162),
(94090969398, 'Hilaria ', 'Grzybek', 'Międzychodzka 218', 716555813, 'hgrzybek@gmail.com', 'qcuanRz5yZznM', 96),
(95013163453, 'Ładysław ', 'Dzikowski', 'Sulęcińska 336', 610576574, 'ldzikowski@gmail.com', '1i.0HJ1gO0FfI', 261),
(95051061245, 'Herakliusz ', 'Lorenc', 'Zambrowska 480', 510691487, 'hlorenc@gmail.com', '5glDhG0mUOKZo', 96),
(95102272165, 'Mariola ', 'Filipczak', 'Włoszczowska 458', 695549155, 'mfilipczak@gmail.com', 'tcOX7XseWOskQ', 163),
(96031715958, 'Alberta', 'Błaszczak', 'Białogardzka 163', 733277569, 'ablaszczak@gmail.com', 'cvdj6G7Gsf8GQ', 288),
(96052072788, 'Korneliusz ', 'Stokłosa', 'Pilska 315', 527563984, 'kstoklosa@gmail.com', 'i4k40BVTUqb8s', 180),
(96070941921, 'Marlena ', 'Tkacz', 'Przemyska 203', 515718391, 'mtkacz@gmail.com', 'ktTL3F7l/unzk', 16),
(96072278483, 'Zachary', 'Moskal', 'Ostrowiecka 92', 573630831, 'zmoskal@gmail.com', 'b3Y0XRV8DAC2A', 213),
(97020799496, 'Dobrowoj ', 'Stępniewski', 'Milicka 449', 694627791, 'dstepniewski@gmail.com', '2kUxTUf6Xh0zQ', 174),
(97021569621, 'Orfeusz', 'Kasperek', 'Ciechanowska 73', 649701242, 'okasperek@gmail.com', 'jgytbUbtruPso', 19),
(97060663375, 'Melania ', 'Litwin', 'Mikołowska 370', 609500371, 'mlitwin@gmail.com', '2eylO2ujw2FDw', 191),
(97072624366, 'Nikodem ', 'Kopacz', 'Nyska 363', 702225127, 'nkopacz@gmail.com', 'fj0W0eYtcEP0s', 62),
(97073084279, 'Gostmił ', 'Radecki', 'Choszczeńska 480', 603853942, 'gradecki@gmail.com', 'vi4atcGHlhKrw', 269),
(98040926198, 'Elka', 'Bieliński', 'Grodziska 62', 521518614, 'ebielinski@gmail.com', '7i8agC/1qH3qs', 312),
(98042672486, 'Jan', 'Białecki', 'Sławieńska 297', 537404690, 'jbialecki@gmail.com', 'o7D9bEvjx1iAU', 265),
(98050832788, 'Melania ', 'Rogoziński', 'Lubelska 60', 743268025, 'mrogozinski@gmail.com', '4p5X4V.y9cN5s', 219),
(98060553426, 'Gizela ', 'Bobrowski', 'Kaliska 97', 632492197, 'gbobrowski@gmail.com', 'ropjbp60CUhW.', 198),
(98111026316, 'Maksymian ', 'Wojtowicz', 'Rawska 59', 717350193, 'mwojtowicz@gmail.com', 'faHm7olnd07n6', 85),
(98123031481, 'Czcisław ', 'Izdebski', 'Dąbrowska 273', 711336755, 'cizdebski@gmail.com', 'd7MbD/b9vLoyo', 280),
(98123184998, 'Ninomysł ', 'Miller', 'Elbląska 18', 691733364, 'nmiller@gmail.com', 'elXew0NrQbLhg', 30),
(99022846329, 'Patryk', 'Kukla', 'Tomaszowska 216', 560094920, 'pkukla@gmail.com', 'r2HB3vS33kRDw', 223),
(99060281757, 'Oktawiusz', 'Figiel', 'Raciborska 112', 515423085, 'ofigiel@gmail.com', '9s.Dew1xhrqTQ', 185),
(99081218693, 'Bolesław', 'Jaskulski', 'Tarnowska 344', 555030097, 'bjaskulski@gmail.com', '6gAa9kFqLYLCs', 270),
(99111552511, 'Czcirad ', 'Jaros', 'Czarnkowsko-trzciana 28', 578876920, 'cjaros@gmail.com', 'a6RhqfeGjyAW.', 47);

--
-- Tabela Truncate przed wstawieniem `kurier`
--

TRUNCATE TABLE `kurier`;
--
-- Zrzut danych tabeli `kurier`
--

INSERT INTO `kurier` (`pesel`, `imie`, `nazwisko`, `id_obszaru`, `id_pojazdu`) VALUES
(40042233851, 'Bernadeta', 'Wesołowski', 18, 2),
(40061633784, 'Barabasz', 'Sobczak', 30, 1),
(40080546885, 'Drogosław ', 'Mielczarek', 28, 2),
(40120472187, 'Dominika ', 'Rak', 10, 1),
(41012285845, 'Asia', 'Kalinowski', 8, 2),
(41031076866, 'Blanka', 'Mucha', 10, 1),
(41121665866, 'Bonifacy', 'Kruk', 2, 1),
(41123162361, 'Bożeciech', 'Zięba', 6, 1),
(42022169165, 'Borzysława ', 'Polak', 18, 2),
(42022391412, 'Ciesław ', 'Bednarski', 22, 2),
(42061669363, 'Adolf', 'Woźniak', 6, 2),
(42100522525, 'Cezar', 'Marcinkowski', 2, 2),
(43011914892, 'Delfin', 'Piekarski', 12, 1),
(43012758985, 'Apollo', 'Pietrzak', 28, 2),
(43052967794, 'Apolonia', 'Zalewski', 18, 2),
(43070555948, 'Agata', 'Kwiatkowski', 16, 2),
(43081971771, 'Beniamin', 'Chojnacki', 30, 2),
(43120828491, 'Dziebor ', 'Bartczak', 12, 2),
(43121422564, 'Cezary', 'Skiba', 8, 2),
(43122739335, 'Darek', 'Rybak', 10, 2),
(44030815773, 'Dalewuja', 'Białek', 14, 2),
(44032216923, 'Dominik ', 'Godlewski', 32, 2),
(44041485592, 'Dalbor', 'Kaczor', 24, 2),
(44042919162, 'Apoloniusz', 'Jakubowski', 14, 1),
(44051262682, 'Dziadumiła ', 'Kaczyński', 6, 2),
(44053122216, 'Alfred', 'Jabłoński', 12, 1),
(44070555815, 'Ariadna', 'Zawadzki', 4, 2),
(44081477151, 'Dalibor ', 'Sroka', 10, 2),
(44081479726, 'Diogenes ', 'Bednarz', 10, 1),
(44090339323, 'Bolemir', 'Stasiak', 18, 2),
(45123137815, 'Bartłomieja', 'Kołodziej', 32, 2),
(46031415969, 'Angela', 'Michalak', 8, 2),
(46032047855, 'Arnulf', 'Borkowski', 2, 2),
(46032434369, 'Bohdan', 'Łuczak', 24, 1),
(46040396198, 'Bogusława', 'Kurek', 12, 1),
(46052068731, 'Bazyliusz', 'Szymczak', 12, 2),
(46100353529, 'Adam', 'Kamiński', 26, 2),
(46112782586, 'Domicjan ', 'Bieniek', 2, 2),
(46120819278, 'Ala', 'Król', 30, 1),
(47013019968, 'Berta', 'Lipiński', 10, 1),
(47031521559, 'Dalemir ', 'Świderski', 18, 2),
(47061328869, 'Cezaria', 'Kowal', 32, 1),
(47072941532, 'Alek', 'Zając', 28, 2),
(47080156155, 'Adelajda', 'Zieliński', 12, 2),
(47080723193, 'Dalewin', 'Gołębiowski', 20, 2),
(47122218522, 'Cyprian ', 'Jędrzejewski', 34, 1),
(48020417439, 'Aniela', 'Ostrowski', 26, 1),
(48113017331, 'Alfons', 'Wieczorek', 30, 1),
(48122779776, 'Biezuj', 'Kozak', 34, 2),
(49073113778, 'Bożydar', 'Stefański', 24, 2),
(49081426532, 'Domosław ', 'Maćkowiak', 16, 1),
(49102963233, 'Chrystian', 'Kurowski', 10, 2),
(50043085791, 'Bohusz', 'Kot', 4, 1),
(50052725541, 'Aneta', 'Nowakowski', 26, 1),
(50060914391, 'Apollonia', 'Marciniak', 30, 1),
(50093015238, 'Dobrutro ', 'Graczyk', 6, 2),
(50101839872, 'Dalewuj', 'Paluch', 18, 2),
(50102665674, 'Baltazar', 'Wasilewski', 4, 2),
(50122868925, 'Brygida', 'Gajda', 2, 1),
(51041763159, 'Benedykta', 'Błaszczyk', 6, 1),
(51090758553, 'Cecylia ', 'Kasprzak', 32, 1),
(52020282834, 'Ben', 'Borowski', 20, 1),
(52020544941, 'Aleksy', 'Dudek', 26, 1),
(52022434758, 'Bartek', 'Matuszewski', 30, 1),
(52052741271, 'Celina', 'Marek', 28, 1),
(53012478521, 'Czcirad ', 'Kwiecień', 30, 2),
(53020219691, 'Dagobert', 'Michałowski', 22, 1),
(53021277511, 'August', 'Sokołowski', 10, 2),
(53042162234, 'Borzysław', 'Jastrzębski', 30, 2),
(53080288697, 'Dobrosław ', 'Góra', 24, 2),
(53090375248, 'Daniel ', 'Małek', 18, 2),
(53100798478, 'Domorad ', 'Kulik', 16, 2),
(53100888328, 'Bogudar', 'Markiewicz', 26, 1),
(54012834827, 'Charyzjusz', 'Matusiak', 30, 2),
(54021189929, 'Dagmara ', 'Zych', 30, 2),
(54021899648, 'Ania', 'Baran', 14, 1),
(54042596195, 'Dacjan ', 'Konieczny', 22, 1),
(54050549998, 'Beatka', 'Ziółkowski', 34, 1),
(54111088442, 'Dobrowoj ', 'Grochowski', 2, 1),
(54112351958, 'Dionizja ', 'Lech', 22, 2),
(55011532778, 'Bernard', 'Górecki', 20, 1),
(55020918266, 'Bianka', 'Kania', 22, 2),
(55040765556, 'Dobrożyźń ', 'Krzyżanowski', 26, 1),
(55062387693, 'Czarek', 'Madej', 22, 2),
(56022777868, 'Dorian', 'Różański', 28, 1),
(56040553899, 'Czarek', 'Owczarek', 6, 1),
(56042455687, 'Baldwina', 'Kaźmierczak', 10, 2),
(56070998927, 'Bolesława ', 'Jóźwiak', 32, 1),
(56091442571, 'Danio', 'Marzec', 4, 1),
(56111925417, 'Brodzisław ', 'Majchrzak', 24, 2),
(57041659188, 'Domamir ', 'Gruszka', 4, 2),
(57041675586, 'Amon', 'Walczak', 30, 2),
(57061522385, 'Berenika', 'Szczepaniak', 16, 2),
(57082547721, 'Daria ', 'Kujawa', 2, 2),
(57110956651, 'Dromił ', 'Bartkowiak', 20, 1),
(58030321583, 'Alberta', 'Grabowski', 34, 1),
(58032232564, 'Bernarda', 'Krupa', 16, 1),
(58040388879, 'Blandyn ', 'Mikołajczyk', 22, 1),
(58051842135, 'Aurelian', 'Kucharski', 34, 1),
(58052863322, 'Dobiemir ', 'Chmiel', 6, 1),
(58070254223, 'Danka', 'Krzemiński', 32, 1),
(58090698793, 'Basia', 'Milewski', 16, 2),
(58121681552, 'Dobrawa ', 'Cichoń', 16, 1),
(59070856866, 'Czesława', 'Augustyniak', 14, 1),
(59071659499, 'Druzjan ', 'Leśniewski', 20, 2),
(60061325292, 'Drogodziej', 'Śliwa', 18, 2),
(60070362378, 'Drogomysł ', 'Strzelecki', 2, 2),
(60092769281, 'Bogwidza ', 'Żak', 6, 1),
(60112826813, 'Dalila ', 'Stefaniak', 28, 1),
(60121978567, 'Dobiesława ', 'Sowiński', 10, 1),
(61010546968, 'Balcer', 'Wysocki', 12, 1),
(61020767922, 'Dorotka', 'Cieśla', 28, 1),
(61072535296, 'Atanazy ', 'Sawicki', 34, 1),
(61121471791, 'Drogosława ', 'Kłos', 14, 2),
(61121865479, 'Bądzimir', 'Baranowski', 18, 1),
(62010314373, 'Czesław ', 'Sobczyk', 8, 1),
(62030816419, 'Boguchwała', 'Wawrzyniak', 14, 1),
(62042522294, 'Albert', 'Piotrowski', 32, 1),
(62061912933, 'Cieszymysł ', 'Bukowski', 4, 1),
(62081753231, 'Cieszyrad ', 'Leśniak', 10, 1),
(62081986343, 'Cieszymir ', 'Chrzanowski', 16, 1),
(62101731665, 'Barnaba', 'Cieślak', 10, 2),
(62112398617, 'Apolloniusz', 'Wróblewski', 32, 2),
(62123058195, 'Bądzisław', 'Laskowski', 26, 1),
(63030689645, 'Apolinary', 'Tomaszewski', 2, 2),
(63061251574, 'Alojzy', 'Wróbel', 30, 2),
(63112863844, 'Cieszysława ', 'Kosiński', 18, 1),
(64042852939, 'Bogumiła', 'Tomczyk', 20, 1),
(64052261855, 'Ambroży', 'Stępień', 18, 1),
(64100886834, 'Areta', 'Jasiński', 4, 2),
(64111261237, 'Blizbor', 'Tomczak', 2, 2),
(64120712773, 'Demokryt', 'Cichocki', 18, 1),
(65022645862, 'Amanda', 'Witkowski', 20, 1),
(65060372184, 'Damazy ', 'Marszałek', 28, 1),
(65061396787, 'Bożo', 'Janik', 18, 2),
(65062223334, 'Dobrochna ', 'Rosiński', 10, 2),
(65071618442, 'Ciecimiar ', 'Czech', 4, 2),
(65091447554, 'Bronisław ', 'Bielecki', 4, 2),
(65111644413, 'Beatrycze', 'Przybylski', 8, 1),
(65122277325, 'Bazyli', 'Gajewski', 16, 2),
(66011989149, 'Cezaryna', 'Wrona', 22, 2),
(66012677722, 'Benon', 'Mróz', 26, 2),
(66030555936, 'Dionizy ', 'Kulesza', 10, 1),
(66033056571, 'Barnim', 'Głowacki', 32, 2),
(66041922871, 'Cezariusz', 'Bednarczyk', 12, 1),
(66110416199, 'Chryzant ', 'Rogowski', 24, 1),
(66111135468, 'Arkadiusz', 'Kowalski', 32, 2),
(67041223535, 'Bohdana', 'Dziedzic', 32, 1),
(67071913527, 'Aurelia ', 'Szczepański', 20, 2),
(68012942136, 'Chociesław', 'Kędzierski', 16, 2),
(68030732836, 'Cibora ', 'Dębski', 22, 2),
(68072523177, 'Czcibor ', 'Żukowski', 30, 2),
(68082575137, 'Balbina', 'Mazurek', 6, 1),
(69080435731, 'Biernat', 'Urbaniak', 28, 1),
(69080826447, 'Bożymir', 'Sosnowski', 4, 1),
(69121822715, 'Ciecirada ', 'Janiszewski', 6, 2),
(69122379735, 'Dobrosiodł ', 'Gołębiewski', 6, 2),
(70041065269, 'Domasław ', 'Banaś', 8, 1),
(70061751591, 'Celestyna', 'Czajka', 20, 1),
(70100655862, 'Bończa', 'Domagała', 20, 2),
(70110444841, 'Budzigniew ', 'Olejniczak', 2, 1),
(70111268327, 'Dobosław ', 'Skrzypczak', 4, 1),
(71020748735, 'Dobromira ', 'Pietrzyk', 12, 1),
(71022091787, 'Baldwin', 'Adamski', 30, 2),
(71081982716, 'Alicjana', 'Jaworski', 34, 2),
(71110763455, 'Dobielut ', 'Turek', 24, 1),
(71123191939, 'Bartłomiej', 'Zakrzewski', 34, 2),
(72080123858, 'Darosław ', 'Przybysz', 8, 1),
(72090499765, 'Dobromiła ', 'Drozd', 34, 2),
(72112014396, 'Adolfina', 'Jankowski', 24, 2),
(72120289481, 'Alicja', 'Majewski', 16, 1),
(73010833591, 'Agnieszka', 'Mazur', 22, 1),
(73011625489, 'Adrianna', 'Lewandowski', 34, 1),
(73052131554, 'Dariusz ', 'Lewicki', 14, 1),
(73071163497, 'Bodzęta ', 'Markowski', 16, 1),
(73080875981, 'Cecyliusz', 'Grzelak', 4, 2),
(73101199672, 'Apolinaria', 'Szewczyk', 34, 2),
(73111864227, 'Cyriak ', 'Świątek', 8, 1),
(73121911555, 'Dolores ', 'Przybyła', 28, 2),
(74012963622, 'Demetria', 'Janowski', 18, 1),
(74030588643, 'Ada', 'Wójcik', 12, 2),
(74031542392, 'Adela', 'Kowalczyk', 2, 2),
(74040928347, 'Borys', 'Piasecki', 16, 2),
(74072644967, 'Anita', 'Sikora', 24, 2),
(74090527862, 'Dytrych ', 'Janiak', 2, 1),
(74091258754, 'Aleksander', 'Adamczyk', 4, 1),
(74092748724, 'Cyra ', 'Muszyński', 8, 2),
(74111925237, 'Dalimir ', 'Cybulski', 30, 1),
(74120771151, 'Czasława ', 'Kuczyński', 12, 2),
(74121767481, 'Dobroniega ', 'Antczak', 24, 2),
(75040211536, 'Beata', 'Makowski', 28, 1),
(75041454817, 'Domastoj', 'Siwek', 4, 2),
(75050185177, 'Dawid ', 'Stachowiak', 14, 1),
(75070572591, 'Atanazja ', 'Czarnecki', 24, 2),
(75082152299, 'Drogoradz ', 'Zarzycki', 26, 1),
(75112418665, 'Bogumir', 'Jarosz', 6, 2),
(76010439637, 'Bogumił', 'Orłowski', 14, 1),
(76020217575, 'Arnold ', 'Chmielewski', 2, 1),
(76022465334, 'Ariel', 'Sadowski', 14, 1),
(76042894943, 'Czedrog ', 'Morawski', 20, 2),
(76081425285, 'Angelika', 'Rutkowski', 14, 2),
(76092132765, 'Dalwin ', 'Kacprzak', 28, 2),
(76112891957, 'Bazylisa', 'Szulc', 22, 1),
(77012625738, 'Budzimir ', 'Ratajczak', 26, 1),
(77020464462, 'Brykcjusz ', 'Klimek', 4, 1),
(77031996697, 'Dina ', 'Staniszewski', 6, 2),
(77102825437, 'Augustyn', 'Kubiak', 10, 2),
(77112694519, 'Drogomir ', 'Ptak', 28, 1),
(77122218727, 'Blandyna ', 'Czajkowski', 14, 2),
(78031672389, 'Budzisława', 'Śliwiński', 2, 1),
(78052589123, 'Bogdan', 'Kowalik', 16, 2),
(78052728715, 'Czabor ', 'Czaja', 12, 2),
(78070171159, 'Antek', 'Szymański', 14, 1),
(78072174563, 'Bogusz', 'Kopeć', 32, 2),
(79061515837, 'Agus', 'Krawczyk', 2, 2),
(79080268356, 'Edgar ', 'Tokarski', 20, 1),
(79102076868, 'Dalia', 'Niemiec', 10, 2),
(79112753869, 'Anna', 'Duda', 30, 2),
(80080377917, 'Bądzisława', 'Brzeziński', 30, 2),
(80081559626, 'Dionizjusz ', 'Rudnicki', 12, 1),
(80083196427, 'Borzuj', 'Wierzbicki', 10, 1),
(80092758582, 'Arnolf', 'Włodarczyk', 2, 1),
(80110211448, 'Budzisław', 'Romanowski', 10, 2),
(81013149425, 'Andrzej', 'Górski', 28, 1),
(81052279273, 'Delfina', 'Matysiak', 20, 2),
(81090291918, 'Bogdana', 'Nawrocki', 6, 2),
(81090493983, 'Edek', 'Grzesiak', 22, 2),
(81100841131, 'Daniela ', 'Szydłowski', 2, 1),
(81112564893, 'Dawida', 'Popławski', 30, 2),
(82012715958, 'Czasław ', 'Lisowski', 26, 1),
(82071521424, 'Aga', 'Kaczmarek', 16, 2),
(82071546265, 'Chociemir', 'Sobolewski', 10, 1),
(82082076597, 'Cecylian', 'Wilczyński', 4, 2),
(82083191655, 'Dobrosława ', 'Banach', 18, 2),
(83042645127, 'Alex', 'Nowicki', 24, 1),
(83070446129, 'Artur', 'Dąbrowski', 12, 1),
(83101479812, 'Dobosława ', 'Podgórski', 30, 1),
(83121878866, 'Augusta', 'Urbański', 32, 2),
(84012815676, 'Adolfa', 'Kozłowski', 32, 2),
(84022266497, 'Ciesława ', 'Łukasik', 10, 2),
(84022467669, 'Dobromir ', 'Żurawski', 26, 1),
(84060885742, 'Ciechosława', 'Mazurkiewicz', 30, 2),
(84071342544, 'Dymitr ', 'Górka', 28, 2),
(84090163243, 'Alwin', 'Malinowski', 30, 2),
(84112966474, 'Borzymir', 'Karpiński', 20, 2),
(84122121861, 'Domicela ', 'Serafin', 28, 2),
(85041855631, 'Donat ', 'Zawada', 8, 1),
(85072311779, 'Bernardyn', 'Kaczmarczyk', 32, 2),
(86081182653, 'Bonawentura', 'Pawlik', 2, 2),
(86111775828, 'Dacjusz', 'Marczak', 12, 2),
(87010655387, 'Bazyla', 'Krajewski', 30, 1),
(87081976312, 'Amadeusz', 'Pawlak', 18, 2),
(87092398455, 'Diana ', 'Niewiadomski', 4, 2),
(87101937873, 'Bolisława ', 'Urban', 32, 1),
(87110388817, 'Czcibora ', 'Grzybowski', 28, 1),
(87110797527, 'Bartosz', 'Sikorski', 26, 1),
(88021556425, 'Bruno', 'Maj', 24, 2),
(88082411433, 'Alfreda', 'Olszewski', 8, 1),
(88090193677, 'Biedrzysław ', 'Kowalewski', 18, 2),
(88091597517, 'Długomił ', 'Piątkowski', 26, 2),
(88092456516, 'Bolek', 'Dobrowolski', 10, 1),
(89012422871, 'Czesio', 'Pająk', 6, 2),
(89033023523, 'Bożeciecha', 'Janicki', 32, 2),
(89071762529, 'Bożysław', 'Bednarek', 6, 1),
(89080118568, 'Basia', 'Andrzejewski', 8, 2),
(89121068944, 'Demetriusz', 'Murawski', 24, 1),
(90010779292, 'Brunon', 'Sowa', 8, 2),
(90052751481, 'Damian ', 'Kasprzyk', 26, 2),
(90070221641, 'Cyryl ', 'Osiński', 16, 1),
(91021465222, 'Bernardyna', 'Leszczyński', 30, 2),
(91082361257, 'Dorota ', 'Długosz', 22, 2),
(91082888279, 'Bronisława ', 'Małecki', 2, 2),
(92011524147, 'Cyrus ', 'Kozieł', 24, 1),
(92060868829, 'Benedykt', 'Nowacki', 20, 2),
(92061242398, 'Bolemysł', 'Stankiewicz', 20, 2),
(93022575225, 'Dobrociech ', 'Karczewski', 6, 2),
(93060464374, 'Barbara', 'Czerwiński', 32, 2),
(93091514729, 'Dobromysł ', 'Komorowski', 6, 1),
(94062333259, 'Armand', 'Bąk', 6, 2),
(94072312154, 'Dalestryj ', 'Kubicki', 2, 1),
(94081734534, 'Bolesław', 'Piątek', 6, 1),
(94121259964, 'Ciechosław ', 'Skowroński', 24, 2),
(95013151953, 'Domażyr ', 'Konieczna', 32, 1),
(95022022691, 'Ciechomir ', 'Barański', 28, 1),
(95030941289, 'Dobromił ', 'Żurek', 2, 1),
(95043044133, 'Dobiesław ', 'Biernacki', 26, 1),
(95071034869, 'Bogusław', 'Kołodziejczyk', 26, 2),
(95081392751, 'Beda', 'Domański', 28, 2),
(95082644536, 'Boguchwał', 'Musiał', 16, 2),
(95092174937, 'Czcisław ', 'Pluta', 18, 1),
(95122573275, 'Domasława ', 'Klimczak', 16, 2),
(96010739186, 'Augustyna', 'Maciejewski', 16, 2),
(96021085119, 'Balbin', 'Lis', 16, 1),
(96031221556, 'Bożena', 'Wójtowicz', 2, 2),
(96101541492, 'Benita', 'Ciesielski', 12, 1),
(96102592374, 'Dobrowit ', 'Filipiak', 2, 1),
(97080357681, 'Dagna ', 'Michalik', 10, 2),
(97081286391, 'Danuta ', 'Smoliński', 10, 1),
(97081761548, 'Cieszysław ', 'Cieślik', 8, 1),
(97090971493, 'Bogwiedz ', 'Wolski', 24, 1),
(97092523827, 'Druzjanna ', 'Krawiec', 34, 1),
(98040382398, 'Artek', 'Wiśniewski', 14, 2),
(98082784192, 'Czesbor ', 'Czyż', 24, 2),
(98101659562, 'Cibor ', 'Olejnik', 34, 2),
(98120193597, 'Donata ', 'Mikołajczak', 14, 1),
(99050887693, 'Derwan', 'Witek', 30, 2),
(99051581862, 'Celestyn', 'Socha', 4, 2),
(99060577362, 'Anetka', 'Pawłowski', 10, 2),
(99072711491, 'Adrian', 'Wojciechowski', 8, 1),
(99081492534, 'Bogna', 'Brzozowski', 26, 2),
(99081824793, 'Aleks', 'Michalski', 8, 1),
(99111973363, 'Chociebor', 'Orzechowski', 32, 1),
(99111998814, 'Błażej', 'Kozioł', 12, 2),
(99112726229, 'Aureliusz', 'Wilk', 32, 1);

--
-- Tabela Truncate przed wstawieniem `kurier_katprawajazdy`
--

TRUNCATE TABLE `kurier_katprawajazdy`;
--
-- Tabela Truncate przed wstawieniem `obszar`
--

TRUNCATE TABLE `obszar`;
--
-- Zrzut danych tabeli `obszar`
--

INSERT INTO `obszar` (`id_obszaru`, `nazwa`, `opis`) VALUES
(2, 'dolnośląskie', 'Obszar woj. dolnośląskiego'),
(4, 'kujawsko-pomorskie', 'Obszar woj. kujawsko-pomorskiego'),
(6, 'lubelskie', 'Obszar woj. lubelskiego'),
(8, 'lubuskie', 'Obszar woj. lubuskiego'),
(10, 'łódzkie', 'Obszar woj. łódzkiego'),
(12, 'małopolskie', 'Obszar woj. małopolskiego'),
(14, 'mazowieckie', 'Obszar woj. mazowieckiego'),
(16, 'opolskie', 'Obszar woj. opolskiego'),
(18, 'podkarpackie', 'Obszar woj. podkarpackiego'),
(20, 'podlaskie', 'Obszar woj. podlaskiego'),
(22, 'pomorskie', 'Obszar woj. pomorskiego'),
(24, 'śląskie', 'Obszar woj. śląskiego'),
(26, 'świętokrzyskie', 'Obszar woj. świętokrzyskiego'),
(28, 'warmińsko-mazurskie', 'Obszar woj. warmińsko-mazurskiego'),
(30, 'wielkopolskie', 'Obszar woj. wielkopolskiego'),
(32, 'zachodniopomorskie', 'Obszar woj. zachodniopomorskiego');

--
-- Tabela Truncate przed wstawieniem `pojazd`
--

TRUNCATE TABLE `pojazd`;
--
-- Zrzut danych tabeli `pojazd`
--

INSERT INTO `pojazd` (`id_pojazdu`, `marka`, `model`, `ladownosc`) VALUES
(1, 'Ford', 'Transit', 1477),
(2, 'Volkswagen', 'Crafter', 1290);

--
-- Tabela Truncate przed wstawieniem `przesylka`
--

TRUNCATE TABLE `przesylka`;
--
-- Zrzut danych tabeli `przesylka`
--

INSERT INTO `przesylka` (`id_przesylki`, `opis`, `status`, `pesel_dostawcy`, `pesel_kuriera`, `id_zlecenia`, `pesel_odbiorcy`) VALUES
(1, 'Kredens', 'w realizacji', 76112577666, 82071546265, 12, 88080798895),
(2, 'Klęcznik', 'oczekuje', 60103039859, 40042233851, 38, 84090941814),
(3, 'Tablica na numery pieśni', 'zakończono', 97072667217, 75040211536, 73, 74051975752),
(4, 'Koja', 'zakończono', 76122084327, 99111998814, 70, 60082299772),
(5, 'Stół', 'oczekuje', 63041452997, 43120828491, 52, 74112424278),
(6, 'Athénienne', 'zakończono', 81091842571, 73052131554, 43, 83052069959),
(7, 'Charpai', 'zakończono', 68123116428, 43011914892, 58, 92081881348),
(8, 'Monooki', 'w realizacji', 92111384878, 76112891957, 70, 69111226327),
(9, 'Krzesło kurulne', 'oczekuje', 72110819733, 76022465334, 73, 78030838883),
(10, 'Parawan', 'w realizacji', 65073086287, 71110763455, 8, 47091462681),
(11, 'Szuflada', 'zakończono', 67011864582, 66041922871, 13, 46101413387),
(12, 'Klękosiad', 'zakończono', 73060396677, 56040553899, 48, 44110716426),
(13, 'Ponteuse', 'oczekuje', 98033122163, 54021899648, 100, 88052759813),
(14, 'Stół bilardowy', 'oczekuje', 46122871375, 53020219691, 93, 88082295482),
(15, 'Otomana', 'oczekuje', 50072752495, 84071342544, 93, 86110246628),
(16, 'Praska', 'oczekuje', 51010329177, 97080357681, 77, 89111585248),
(17, 'Otomana', 'zakończono', 64082266488, 75112418665, 13, 95102272165),
(18, 'Tablica na numery pieśni', 'zakończono', 54111363435, 99111998814, 47, 71041773648),
(19, 'Kołyska', 'oczekuje', 67061234494, 61121471791, 78, 79120963128),
(20, 'Regał', 'w realizacji', 77101022682, 50043085791, 17, 80031726173),
(21, 'Szuflada', 'zakończono', 74042799787, 76042894943, 96, 96072278483),
(22, 'Klęcznik', 'w realizacji', 41042556223, 44042919162, 73, 62081497687),
(23, 'Poudreuse', 'zakończono', 96082943267, 94072312154, 16, 79082575492),
(24, 'Stół komunijny', 'oczekuje', 83061887586, 45123137815, 30, 58082699869),
(25, 'Dumb-waiter', 'zakończono', 56032042613, 99081492534, 93, 85032686154),
(26, 'Etażerka', 'zakończono', 90053114229, 93022575225, 45, 41122638739),
(27, 'Kawalet', 'zakończono', 98102347497, 51090758553, 89, 90081745967),
(28, 'Stół komunijny', 'oczekuje', 92111384878, 73010833591, 6, 69111226327),
(29, 'Szezlong', 'zakończono', 95012088854, 68072523177, 45, 79100496161),
(30, 'Podnóżek', 'w realizacji', 91012379213, 94121259964, 89, 69020267176),
(31, 'Puf', 'oczekuje', 41042556223, 44042919162, 3, 62081497687),
(32, 'Łóżko piętrowe', 'w realizacji', 49010857329, 66030555936, 60, 56060183168),
(33, 'Faldistorium', 'oczekuje', 57053116125, 44070555815, 78, 42061017371),
(34, 'Parawan', 'oczekuje', 79092566613, 79112753869, 49, 90080132151),
(35, 'Sejf', 'w realizacji', 98081943545, 89121068944, 42, 88092727489),
(36, 'Meble szkieletowe', 'oczekuje', 91012379213, 53080288697, 37, 69020267176),
(37, 'Meble skrzyniowe', 'zakończono', 65073086287, 75070572591, 100, 47091462681),
(38, 'Kabinet', 'w realizacji', 83061887586, 66033056571, 12, 68070595318),
(39, 'Stelaż', 'oczekuje', 54111363435, 47080156155, 98, 71041773648),
(40, 'Kline', 'oczekuje', 70082759712, 65071618442, 59, 54030313966),
(41, 'Kuszetka', 'oczekuje', 75121091871, 62081753231, 94, 54010436878),
(42, 'Parawan', 'w realizacji', 84090837759, 99060577362, 14, 54042346523),
(43, 'Fajczarnia', 'zakończono', 73082027973, 53012478521, 84, 69120137654),
(44, 'Gotowalnia', 'oczekuje', 40122171695, 95092174937, 93, 93110952174),
(45, 'Sekretera', 'w realizacji', 70082759712, 56091442571, 75, 54030313966),
(46, 'Athénienne', 'zakończono', 77050691427, 76112891957, 62, 55102877388),
(47, 'Faldistorium', 'oczekuje', 88121769855, 54021189929, 58, 99111552511),
(48, 'Gotowalnia', 'zakończono', 70061129369, 75050185177, 81, 82012213333),
(49, 'Szezlong', 'zakończono', 56031592843, 44090339323, 10, 86100178249),
(50, 'Bieliźniarka', 'oczekuje', 83061887586, 95013151953, 92, 58082699869),
(51, 'Konfesjonał', 'oczekuje', 67061234494, 62030816419, 74, 65070691631),
(52, 'Sejf', 'w realizacji', 72110641518, 62030816419, 93, 96031715958),
(53, 'Meblościanka', 'w realizacji', 67021542836, 43070555948, 39, 51112447315),
(54, 'Oparcie', 'oczekuje', 64010281378, 44032216923, 35, 68060146131),
(55, 'Faldistorium', 'w realizacji', 50071299636, 72112014396, 47, 59062396181),
(56, 'Monooki', 'zakończono', 41042556223, 73052131554, 27, 62081497687),
(57, 'Biurko', 'oczekuje', 64030669974, 95081392751, 99, 85053011355),
(58, 'Gotowalnia', 'zakończono', 76112577666, 80083196427, 27, 98111026316),
(59, 'Krzesło', 'oczekuje', 86110716983, 88091597517, 70, 41012897484),
(60, 'Witryna', 'zakończono', 65073086287, 83042645127, 45, 78100683926),
(61, 'Canapé à confidents', 'zakończono', 81071498893, 85041855631, 58, 42031614698),
(62, 'Niciak', 'oczekuje', 86110716983, 62123058195, 40, 67101261749),
(63, 'Berżera', 'oczekuje', 92061664349, 43012758985, 99, 82061443363),
(64, 'Krzesło', 'oczekuje', 98033122163, 44042919162, 78, 51060728735),
(65, 'Faldistorium', 'w realizacji', 74052911858, 62081986343, 57, 74121858899),
(66, 'Stół', 'zakończono', 57052072765, 61121865479, 84, 74060774636),
(67, 'Szafka nocna', 'w realizacji', 90032981994, 97090971493, 80, 83070229863),
(68, 'Koja', 'zakończono', 79092566613, 84090163243, 87, 90080132151),
(69, 'Otomana', 'zakończono', 95120139181, 53100798478, 56, 55021055421),
(70, 'Krzesło kurulne', 'oczekuje', 49012782966, 54021189929, 50, 88090162615),
(71, 'Caquetoire', 'oczekuje', 93012184594, 40042233851, 30, 93050876819),
(72, 'Niciak', 'zakończono', 98081943545, 89121068944, 25, 88092727489),
(73, 'Niciak', 'w realizacji', 65073086287, 74072644967, 85, 78100683926),
(74, 'Athénienne', 'zakończono', 95120139181, 68012942136, 46, 55021055421),
(75, 'Kuszetka', 'oczekuje', 67112452161, 74121767481, 66, 52072948922),
(76, 'Bieliźniarka', 'zakończono', 77101022682, 50043085791, 65, 80031726173),
(77, 'Ława', 'zakończono', 92111384878, 81090493983, 56, 69111226327),
(78, 'Canapé à confidents', 'w realizacji', 65073086287, 44041485592, 15, 47091462681),
(79, 'Monooki', 'w realizacji', 95012088854, 54012834827, 61, 79100496161),
(80, 'Voyeuse', 'zakończono', 93012184594, 53090375248, 35, 93050876819),
(81, 'Prycza', 'oczekuje', 53091459532, 53100888328, 36, 74021978257),
(82, 'Szyfoniera', 'oczekuje', 76021852276, 75050185177, 98, 43081758426),
(83, 'Krzesło', 'zakończono', 67011864582, 96101541492, 84, 47052997777),
(84, 'Siedzisko', 'zakończono', 93012184594, 53090375248, 27, 93050876819),
(85, 'Hamak', 'w realizacji', 53021186875, 64120712773, 64, 44050584354),
(86, 'Zydel', 'oczekuje', 55102266849, 79102076868, 8, 56010485883),
(87, 'Kojec dla dziecka', 'zakończono', 75121091871, 44081479726, 71, 54010436878),
(88, 'Canapé à confidents', 'oczekuje', 95022781789, 61121865479, 31, 76122211761),
(89, 'Dresuar', 'zakończono', 57053116125, 64100886834, 87, 42061017371),
(90, 'Łóżko piętrowe', 'w realizacji', 51062318244, 66011989149, 67, 46022352495),
(91, 'Tron Attyli', 'w realizacji', 96011355646, 81090493983, 81, 57041867299),
(92, 'Łóżko kontynentalne', 'zakończono', 64071877194, 77122218727, 29, 56052421197),
(93, 'Półkotapczan', 'oczekuje', 73082027973, 80080377917, 95, 69120137654),
(94, 'Sepet', 'oczekuje', 49010857329, 56042455687, 70, 56060183168),
(95, 'Szafka nocna', 'oczekuje', 43022299533, 93091514729, 1, 71112517175),
(96, 'Krzesło', 'w realizacji', 67061234494, 98120193597, 36, 79120963128),
(97, 'Łóżko piętrowe', 'oczekuje', 81071498893, 89080118568, 86, 42031614698),
(98, 'Voyeuse', 'zakończono', 90032981994, 44041485592, 87, 83070229863),
(99, 'Kabinet', 'zakończono', 95022781789, 50101839872, 24, 79092497395),
(100, 'Sekretarzyk', 'w realizacji', 54111363435, 99111998814, 72, 71041773648),
(101, 'Sekretarzyk', 'zakończono', 54111363435, 47080156155, 49, 71041773648),
(102, 'Klęcznik', 'zakończono', 51062318244, 66011989149, 65, 46022352495),
(103, 'Tron', 'oczekuje', 73082027973, 74111925237, 37, 57032213265),
(104, 'Kabinet', 'w realizacji', 76122084327, 74120771151, 24, 60082299772),
(105, 'Sekretera', 'zakończono', 78030469373, 84090163243, 1, 49010353412),
(106, 'Stół bilardowy', 'w realizacji', 44112659712, 54021189929, 45, 47022286993),
(107, 'Klęcznik', 'oczekuje', 64082266488, 68082575137, 14, 77011747284),
(108, 'Meblościanka', 'oczekuje', 95012088854, 63061251574, 53, 48010254921),
(109, 'Sgabello', 'oczekuje', 75020789637, 65111644413, 95, 67101491261),
(110, 'Tron', 'oczekuje', 64030669974, 73121911555, 17, 85053011355),
(111, 'Żardiniera', 'zakończono', 41042556223, 76022465334, 79, 62081497687),
(112, 'Łóżko', 'oczekuje', 51012614796, 89012422871, 43, 91032393116),
(113, 'Szafa', 'w realizacji', 57052072765, 82083191655, 98, 74060774636),
(114, 'Konsola', 'oczekuje', 56031592843, 63112863844, 48, 86100178249),
(115, 'Ambona', 'oczekuje', 65073086287, 53080288697, 25, 78100683926),
(116, 'Taboret', 'w realizacji', 82052644588, 60112826813, 94, 41050576161),
(117, 'Kufer', 'oczekuje', 92102943967, 70041065269, 27, 41050253819),
(118, 'Szyfoniera', 'zakończono', 94051076277, 68072523177, 57, 55032033812),
(119, 'Puf', 'oczekuje', 72120796547, 43081971771, 76, 71062355739),
(120, 'Berżera', 'zakończono', 56032042613, 53100888328, 23, 85032686154),
(121, 'Faldistorium', 'oczekuje', 50072154822, 50043085791, 85, 71020863733),
(122, 'Otomana', 'w realizacji', 62070176634, 66033056571, 87, 96070941921),
(123, 'Parawan koromandelski', 'w realizacji', 64010281378, 99112726229, 27, 68060146131),
(124, 'Tron', 'oczekuje', 95022781789, 50101839872, 68, 76122211761),
(125, 'Bieliźniarka', 'oczekuje', 96022369421, 63061251574, 37, 50080428715),
(126, 'Asystor', 'w realizacji', 51010329177, 60121978567, 25, 89111585248),
(127, 'Krzesło', 'zakończono', 72112981779, 73052131554, 11, 58011537958),
(128, 'Sgabello', 'oczekuje', 51062318244, 54042596195, 36, 46022352495),
(129, 'Charpai', 'w realizacji', 65073086287, 98082784192, 32, 78100683926),
(130, 'Krzesło kurulne', 'w realizacji', 98081943545, 49073113778, 82, 88092727489),
(131, 'Konfesjonał', 'zakończono', 84090329715, 43011914892, 43, 75061469558),
(132, 'Bieliźniarka', 'zakończono', 94051076277, 84060885742, 53, 55082648817),
(133, 'Meblościanka', 'w realizacji', 79092566613, 99050887693, 14, 90080132151),
(134, 'Meble skrzyniowe', 'oczekuje', 76122084327, 47080156155, 56, 60082299772),
(135, 'Zydel', 'oczekuje', 66072688494, 76112891957, 76, 68031886749),
(136, 'Klękosiad', 'oczekuje', 72110819733, 98120193597, 18, 78030838883),
(137, 'Półkotapczan', 'w realizacji', 76041483454, 94062333259, 41, 60082267924),
(138, 'Klismos', 'w realizacji', 97030837982, 81090493983, 60, 91062615781),
(139, 'Łóżko piętrowe', 'oczekuje', 83031042399, 74040928347, 45, 87041677622),
(140, 'Kanapa', 'oczekuje', 74052911858, 58121681552, 36, 86121695392),
(141, 'Sgabello', 'oczekuje', 57053116125, 64100886834, 10, 42061017371),
(142, 'Athénienne', 'zakończono', 75121091871, 40120472187, 55, 54010436878),
(143, 'Sepet', 'oczekuje', 54111363435, 43120828491, 100, 71041773648),
(144, 'Faldistorium', 'zakończono', 93110333382, 59071659499, 11, 77081072934),
(145, 'Szezlong', 'oczekuje', 64082266488, 68082575137, 90, 95102272165),
(146, 'Etażerka', 'oczekuje', 95012088854, 43081971771, 62, 48010254921),
(147, 'Krzesło', 'w realizacji', 74042799787, 47080723193, 10, 96072278483),
(148, 'Łóżko', 'zakończono', 75072656297, 77020464462, 18, 57112232162),
(149, 'Parawan koromandelski', 'zakończono', 48072997691, 76022465334, 28, 93062078173),
(150, 'Kredens', 'zakończono', 67061234494, 44030815773, 25, 79120963128),
(151, 'Kojec dla dziecka', 'zakończono', 86110716983, 50052725541, 88, 67101261749),
(152, 'Szkatuła Królewska', 'w realizacji', 64082266488, 69121822715, 16, 77011747284),
(153, 'Regał', 'w realizacji', 67011864582, 43011914892, 38, 47052997777),
(154, 'Konsola', 'zakończono', 74042799787, 59071659499, 76, 96072278483),
(155, 'Dumb-waiter', 'w realizacji', 81091842571, 76010439637, 89, 83052069959),
(156, 'Caquetoire', 'oczekuje', 63041452997, 66041922871, 57, 74112424278),
(157, 'Sekretera', 'oczekuje', 74052911858, 65122277325, 71, 74121858899),
(158, 'Koja', 'oczekuje', 85032827281, 99051581862, 14, 82042793571),
(159, 'Asystor', 'w realizacji', 67011864582, 99111998814, 23, 46101413387),
(160, 'Rekamiera', 'zakończono', 97030837982, 81090493983, 78, 91062615781),
(161, 'Meble szkieletowe', 'oczekuje', 77101022682, 50043085791, 29, 80031726173),
(162, 'Przypiecek', 'w realizacji', 73060396677, 93022575225, 37, 66030548431),
(163, 'Parawan', 'w realizacji', 73082027973, 54021189929, 81, 57032213265),
(164, 'Kredens', 'zakończono', 84090837759, 41031076866, 21, 54042346523),
(165, 'Athénienne', 'zakończono', 72120796547, 81112564893, 91, 68030943414),
(166, 'Rekamiera', 'oczekuje', 56031592843, 47031521559, 74, 86100178249),
(167, 'Meblościanka', 'zakończono', 52012462648, 86081182653, 53, 63040855432),
(168, 'Meble szkieletowe', 'w realizacji', 91103018726, 64120712773, 57, 49081669876),
(169, 'Caquetoire', 'w realizacji', 83061887586, 47061328869, 23, 95051061245),
(170, 'Sepet', 'w realizacji', 68052837159, 88021556425, 13, 45123111455),
(171, 'Charpai', 'oczekuje', 47121776722, 78070171159, 49, 45120677174),
(172, 'Meble skrzyniowe', 'w realizacji', 85032827281, 87092398455, 99, 82042793571),
(173, 'Otomana', 'zakończono', 70082759712, 74091258754, 30, 54030313966),
(174, 'Mensa', 'zakończono', 83061887586, 58070254223, 92, 95051061245),
(175, 'Konfesjonał', 'oczekuje', 94051076277, 84090163243, 100, 55082648817),
(176, 'Kline', 'w realizacji', 98033122163, 98040382398, 60, 51060728735),
(177, 'Prycza', 'w realizacji', 41042556223, 98040382398, 66, 62081497687),
(178, 'Sepet', 'zakończono', 76122084327, 46040396198, 21, 60031436825),
(179, 'Fajczarnia', 'zakończono', 76122084327, 47080156155, 37, 60031436825),
(180, 'Parawan', 'oczekuje', 53021186875, 47031521559, 97, 44050584354),
(181, 'Żardiniera', 'zakończono', 59081064281, 78072174563, 20, 97060663375),
(182, 'Krzesło', 'zakończono', 64030669974, 69080435731, 70, 85053011355),
(183, 'Parawan koromandelski', 'oczekuje', 64030669974, 84071342544, 42, 85053011355),
(184, 'Zydel', 'oczekuje', 70103121632, 76020217575, 85, 56110721755),
(185, 'Szafa', 'oczekuje', 94051076277, 63061251574, 6, 55032033812),
(186, 'Kawalet', 'zakończono', 67112452161, 92011524147, 61, 65120189189),
(187, 'Klękosiad', 'oczekuje', 64082266488, 41123162361, 77, 77011747284),
(188, 'Niciak', 'oczekuje', 75020789637, 99072711491, 45, 67101491261),
(189, 'Dumb-waiter', 'oczekuje', 76122084327, 71020748735, 11, 60031436825),
(190, 'Biurko', 'w realizacji', 83061887586, 95013151953, 37, 68070595318),
(191, 'Podnóżek', 'w realizacji', 84090329715, 80081559626, 30, 75061469558),
(192, 'Witryna', 'oczekuje', 65082327849, 59070856866, 46, 80121883214),
(193, 'Voyeuse', 'w realizacji', 77050691427, 81090493983, 98, 55102877388),
(194, 'Półkotapczan', 'w realizacji', 83061887586, 85072311779, 82, 58082699869),
(195, 'Poudreuse', 'w realizacji', 70082759712, 82082076597, 74, 54030313966),
(196, 'Konfesjonał', 'w realizacji', 67102121466, 92061242398, 60, 82100515125),
(197, 'Faldistorium', 'oczekuje', 97030837982, 55020918266, 56, 91062615781),
(198, 'Faldistorium', 'zakończono', 76021852276, 75050185177, 79, 43081758426),
(199, 'Kontuar', 'oczekuje', 74052911858, 65122277325, 53, 86121695392),
(200, 'Wersalka', 'oczekuje', 55102266849, 41031076866, 7, 56010485883),
(201, 'Meblościanka', 'zakończono', 76112577666, 65062223334, 32, 98111026316),
(202, 'Canapé à confidents', 'w realizacji', 96080721755, 52020282834, 50, 50102932666),
(203, 'Szkatuła Królewska', 'w realizacji', 58021215837, 88092456516, 83, 93052057694),
(204, 'Meblościanka', 'w realizacji', 86110716983, 77012625738, 73, 67101261749),
(205, 'Niciak', 'w realizacji', 76122084327, 80081559626, 6, 60082299772),
(206, 'Charpai', 'oczekuje', 75020789637, 41012285845, 21, 67101491261),
(207, 'Kuszetka', 'oczekuje', 83061887586, 87101937873, 48, 94090969398),
(208, 'Tablica na numery pieśni', 'oczekuje', 91061118353, 75050185177, 14, 41011783849),
(209, 'Klismos', 'zakończono', 65082327849, 77122218727, 71, 80121883214),
(210, 'Kojec dla dziecka', 'oczekuje', 73060396677, 68082575137, 4, 66030548431),
(211, 'Athénienne', 'oczekuje', 76112577666, 80083196427, 85, 88080798895),
(212, 'Stół', 'w realizacji', 84090329715, 96101541492, 57, 75061469558),
(213, 'Voyeuse', 'oczekuje', 96011355646, 53020219691, 38, 57041867299),
(214, 'Żardiniera', 'zakończono', 83061887586, 93060464374, 38, 94090969398),
(215, 'Psyche', 'zakończono', 52012462648, 81100841131, 18, 63040855432),
(216, 'Praska', 'oczekuje', 84090837759, 60121978567, 82, 54042346523),
(217, 'Kojec dla dziecka', 'oczekuje', 76041483454, 75112418665, 36, 60082267924),
(218, 'Koja', 'zakończono', 73082027973, 40061633784, 6, 61030213882),
(219, 'Meble szkieletowe', 'w realizacji', 41042556223, 77122218727, 64, 62081497687),
(220, 'Krzesło numer 14', 'zakończono', 67011864582, 43120828491, 100, 47052997777),
(221, 'Wersalka', 'w realizacji', 83061887586, 45123137815, 47, 68070595318),
(222, 'Prycza', 'oczekuje', 53021186875, 87081976312, 65, 44050584354),
(223, 'Szkatuła Królewska', 'oczekuje', 76122084327, 43011914892, 10, 60031436825),
(224, 'Krzesło', 'w realizacji', 86110716983, 53100888328, 52, 67101261749),
(225, 'Otomana', 'zakończono', 75020789637, 70041065269, 91, 83081441698),
(226, 'Biurko Resolute', 'w realizacji', 92102943967, 62010314373, 10, 41050253819),
(227, 'Łóżko kontynentalne', 'oczekuje', 67112452161, 75070572591, 93, 63061684772),
(228, 'Pulpit', 'oczekuje', 64010281378, 87101937873, 66, 68060146131),
(229, 'Kołyska', 'zakończono', 90053114229, 93022575225, 28, 41122638739),
(230, 'Szafa', 'oczekuje', 63041452997, 46052068731, 29, 74112424278),
(231, 'Przypiecek', 'oczekuje', 95012088854, 63061251574, 68, 79100496161),
(232, 'Parawan', 'w realizacji', 53091667643, 63030689645, 33, 52062245363),
(233, 'Ława', 'zakończono', 59081064281, 89033023523, 45, 97060663375),
(234, 'Tron', 'oczekuje', 79092566613, 81112564893, 31, 90080132151),
(235, 'Stół komunijny', 'oczekuje', 44112659712, 52022434758, 19, 47022286993),
(236, 'Stół bilardowy', 'w realizacji', 77050691427, 91082361257, 46, 55102877388),
(237, 'Siedzisko', 'w realizacji', 68052837159, 92011524147, 12, 45123111455),
(238, 'Komoda', 'zakończono', 47121776722, 73052131554, 57, 45120677174),
(239, 'Demi-lune commode', 'zakończono', 75121091871, 62101731665, 5, 54010436878),
(240, 'Leżanka', 'oczekuje', 64030669974, 69080435731, 65, 85053011355),
(241, 'Regał', 'oczekuje', 45102695297, 91082361257, 77, 52090449373),
(242, 'Psyche', 'oczekuje', 92013156728, 79102076868, 57, 48082683939),
(243, 'Caquetoire', 'zakończono', 68123116428, 43011914892, 34, 92081881348),
(244, 'Monooki', 'oczekuje', 67102121466, 57110956651, 63, 82100515125),
(245, 'Podłokietnik', 'w realizacji', 55102266849, 60121978567, 14, 56010485883),
(246, 'Krzesło', 'w realizacji', 90053114229, 89012422871, 37, 41122638739),
(247, 'Dresuar', 'zakończono', 74052911858, 49081426532, 55, 74121858899),
(248, 'Komoda', 'oczekuje', 76112577666, 79102076868, 80, 98111026316),
(249, 'Szezlong', 'zakończono', 76041483454, 68082575137, 73, 60082267924),
(250, 'Szlaban', 'w realizacji', 97072667217, 81013149425, 66, 74051975752),
(251, 'Pulpit', 'oczekuje', 84090329715, 43120828491, 59, 75061469558),
(252, 'Meblościanka', 'w realizacji', 94051076277, 43081971771, 8, 55032033812),
(253, 'Żardiniera', 'w realizacji', 64030669974, 73121911555, 53, 85053011355),
(254, 'Fajczarnia', 'oczekuje', 52012462648, 70110444841, 68, 63040855432),
(255, 'Klękosiad', 'zakończono', 64082266488, 89071762529, 24, 95102272165),
(256, 'Łóżko kontynentalne', 'w realizacji', 52012462648, 57082547721, 100, 63040855432),
(257, 'Klękosiad', 'w realizacji', 70103121632, 50122868925, 41, 56110721755),
(258, 'Otomana', 'zakończono', 93110333382, 84112966474, 15, 77081072934),
(259, 'Ława', 'w realizacji', 70061129369, 98040382398, 62, 82012213333),
(260, 'Łóżko', 'w realizacji', 57052072765, 88090193677, 84, 61090663966),
(261, 'Asystor', 'w realizacji', 66072688494, 55062387693, 6, 68031886749),
(262, 'Meble szkieletowe', 'w realizacji', 76122084327, 96101541492, 12, 60082299772),
(263, 'Stół komunijny', 'zakończono', 62070176634, 67041223535, 22, 77110581563),
(264, 'Canapé à confidents', 'oczekuje', 67011864582, 71020748735, 88, 46101413387),
(265, 'Tron', 'w realizacji', 72120796547, 52022434758, 94, 63021494654),
(266, 'Kline', 'zakończono', 93110333382, 59071659499, 61, 77081072934),
(267, 'Charpai', 'oczekuje', 57052072765, 44090339323, 51, 74060774636),
(268, 'Prycza', 'oczekuje', 60103039859, 43052967794, 62, 84090941814),
(269, 'Hamak', 'w realizacji', 54101273881, 77122218727, 6, 71060181725),
(270, 'Tron', 'w realizacji', 67011864582, 74030588643, 68, 47052997777),
(271, 'Tablica na numery pieśni', 'w realizacji', 65073086287, 94121259964, 63, 78100683926),
(272, 'Dresuar', 'zakończono', 45102695297, 53020219691, 45, 52090449373),
(273, 'Wersalka', 'zakończono', 90053114229, 44051262682, 71, 41122638739),
(274, 'Kołyska', 'oczekuje', 65073086287, 75070572591, 56, 78100683926),
(275, 'Biurko', 'oczekuje', 74042799787, 92061242398, 19, 96072278483),
(276, 'Żardiniera', 'w realizacji', 83061887586, 99111973363, 100, 58082699869),
(277, 'Cassone', 'w realizacji', 77050691427, 53020219691, 45, 55102877388),
(278, 'Łóżko kontynentalne', 'zakończono', 64030669974, 65060372184, 89, 85053011355),
(279, 'Kabinet', 'w realizacji', 72120796547, 54012834827, 64, 50052653381),
(280, 'Tablica na numery pieśni', 'w realizacji', 95062436836, 62081753231, 3, 61050386847),
(281, 'Oparcie', 'zakończono', 67011864582, 43011914892, 61, 46101413387),
(282, 'Athénienne', 'zakończono', 40122171695, 53090375248, 60, 93110952174),
(283, 'Serwantka', 'oczekuje', 72120796547, 71022091787, 81, 68030943414),
(284, 'Stół', 'oczekuje', 63041452997, 46040396198, 12, 74112424278),
(285, 'Niciak', 'zakończono', 50072154822, 64100886834, 67, 71020863733),
(286, 'Klęcznik', 'w realizacji', 95062436836, 80110211448, 25, 61050386847),
(287, 'Regał', 'oczekuje', 96060167544, 65122277325, 30, 68091697431),
(288, 'Rekamiera', 'zakończono', 59081064281, 78072174563, 99, 97060663375),
(289, 'Kołyska', 'oczekuje', 65073086287, 98082784192, 68, 47091462681),
(290, 'Łóżko', 'w realizacji', 72110641518, 76010439637, 71, 96031715958),
(291, 'Podłokietnik', 'zakończono', 93110333382, 59071659499, 94, 77081072934),
(292, 'Kawalet', 'w realizacji', 59081064281, 87101937873, 50, 97060663375),
(293, 'Poudreuse', 'oczekuje', 72110641518, 76022465334, 5, 96031715958),
(294, 'Sejf', 'w realizacji', 64071877194, 44042919162, 39, 56052421197),
(295, 'Parawan koromandelski', 'w realizacji', 73060396677, 93022575225, 61, 66030548431),
(296, 'Leżanka', 'oczekuje', 44112659712, 40061633784, 32, 47022286993),
(297, 'Koja', 'oczekuje', 75082194484, 73052131554, 53, 43082791444),
(298, 'Meble szkieletowe', 'oczekuje', 64010281378, 84012815676, 72, 68060146131),
(299, 'Meble szkieletowe', 'w realizacji', 70082759712, 69080826447, 81, 54030313966),
(300, 'Łóżko piętrowe', 'zakończono', 56031592843, 44090339323, 95, 86100178249),
(301, 'Fajczarnia', 'zakończono', 46010196955, 40080546885, 39, 62031526342),
(302, 'Szkatuła Królewska', 'oczekuje', 83031042399, 62081986343, 63, 58061384517),
(303, 'Zydel', 'w realizacji', 70103121632, 94072312154, 39, 56110721755),
(304, 'Fotel', 'oczekuje', 97072667217, 65060372184, 10, 89041388322),
(305, 'Serwantka', 'oczekuje', 53021186875, 95092174937, 93, 44050584354),
(306, 'Komoda', 'oczekuje', 93012184594, 47031521559, 78, 93050876819),
(307, 'Baigneuse', 'oczekuje', 75072656297, 99051581862, 43, 57112232162),
(308, 'Etażerka', 'w realizacji', 84090329715, 47080156155, 12, 75061469558),
(309, 'Żardiniera', 'oczekuje', 70103121632, 78031672389, 9, 56110721755),
(310, 'Wersalka', 'zakończono', 77101022682, 65091447554, 1, 80031726173),
(311, 'Serwantka', 'w realizacji', 83061887586, 51090758553, 16, 95051061245),
(312, 'Kline', 'zakończono', 96080721755, 92061242398, 90, 50102932666),
(313, 'Tron Attyli', 'oczekuje', 82052644588, 56022777868, 95, 41050576161),
(314, 'Demi-lune commode', 'oczekuje', 72120796547, 48113017331, 13, 71062355739),
(315, 'Szkatuła Królewska', 'oczekuje', 73060396677, 69121822715, 58, 66030548431),
(316, 'Meble szkieletowe', 'oczekuje', 82052644588, 40080546885, 18, 41050576161),
(317, 'Coiffeuse', 'w realizacji', 65073086287, 94121259964, 10, 47091462681),
(318, 'Siedzisko', 'w realizacji', 63041452997, 78052728715, 97, 74112424278),
(319, 'Bieliźniarka', 'zakończono', 50072154822, 62061912933, 93, 71020863733),
(320, 'Ponteuse', 'oczekuje', 63041452997, 46040396198, 67, 74112424278),
(321, 'Kontuar', 'zakończono', 51010329177, 62101731665, 87, 89111585248),
(322, 'Psyche', 'oczekuje', 94051076277, 84090163243, 13, 55032033812),
(323, 'Serwantka', 'w realizacji', 86110716983, 95071034869, 79, 41012897484),
(324, 'Cassone', 'oczekuje', 72120796547, 48113017331, 23, 63021494654),
(325, 'Canapé à confidents', 'oczekuje', 83031042399, 43070555948, 40, 87041677622),
(326, 'Asystor', 'zakończono', 96060167544, 72120289481, 49, 68091697431),
(327, 'Caquetoire', 'oczekuje', 50072752495, 73121911555, 82, 86110246628),
(328, 'Tapczan', 'oczekuje', 84090837759, 65062223334, 94, 65112625332),
(329, 'Biurko', 'zakończono', 51012614796, 42061669363, 87, 91032393116),
(330, 'Szyfoniera', 'zakończono', 75121091871, 97080357681, 11, 54010436878),
(331, 'Klismos', 'w realizacji', 70061129369, 98120193597, 71, 82012213333),
(332, 'Kozetka', 'oczekuje', 72120796547, 74111925237, 15, 63021494654),
(333, 'Koja', 'w realizacji', 64082266488, 41123162361, 22, 77011747284),
(334, 'Komoda', 'zakończono', 45102695297, 81090493983, 100, 52090449373),
(335, 'Cassone', 'w realizacji', 41042556223, 78070171159, 13, 62081497687),
(336, 'Wersalka', 'oczekuje', 46010196955, 95081392751, 82, 62031526342),
(337, 'Koja', 'zakończono', 97072667217, 61020767922, 56, 89041388322),
(338, 'Kuszetka', 'zakończono', 92061664349, 73121911555, 32, 82061443363),
(339, 'Kanapa', 'zakończono', 55102266849, 49102963233, 100, 56010485883),
(340, 'Żerydon', 'oczekuje', 62070176634, 93060464374, 19, 96070941921),
(341, 'Wersalka', 'zakończono', 67021542836, 78052589123, 62, 51112447315),
(342, 'Faldistorium', 'oczekuje', 53091667643, 57082547721, 20, 52062245363),
(343, 'Stalle', 'w realizacji', 50072154822, 65071618442, 75, 71020863733),
(344, 'Etażerka', 'w realizacji', 73082027973, 99050887693, 100, 69120137654),
(345, 'Łóżko piętrowe', 'oczekuje', 65073086287, 92011524147, 58, 78100683926),
(346, 'Tablica na numery pieśni', 'zakończono', 66072688494, 76112891957, 38, 68031886749),
(347, 'Krzesło kurulne', 'oczekuje', 75072656297, 75041454817, 80, 57112232162),
(348, 'Charpai', 'w realizacji', 76041483454, 58052863322, 47, 60082267924),
(349, 'Kanapa', 'oczekuje', 57052072765, 65061396787, 50, 61090663966),
(350, 'Coiffeuse', 'w realizacji', 64071877194, 98120193597, 36, 56052421197),
(351, 'Zydel', 'oczekuje', 56031592843, 53090375248, 44, 86100178249),
(352, 'Berżera', 'oczekuje', 92013156728, 44081477151, 81, 48082683939),
(353, 'Podłokietnik', 'oczekuje', 70061129369, 54021899648, 46, 82012213333),
(354, 'Podnóżek', 'zakończono', 65073086287, 56111925417, 81, 78100683926),
(355, 'Konsola', 'w realizacji', 62070176634, 99111973363, 43, 77110581563),
(356, 'Żardiniera', 'zakończono', 63120863861, 77020464462, 29, 94040784376),
(357, 'Klęcznik', 'zakończono', 57052072765, 88090193677, 45, 61090663966),
(358, 'Szezlong', 'zakończono', 70103121632, 96031221556, 15, 56110721755),
(359, 'Sekretarzyk', 'w realizacji', 91103018726, 47031521559, 52, 49081669876),
(360, 'Szkatuła Królewska', 'zakończono', 50071299636, 98082784192, 76, 59062396181),
(361, 'Stalle', 'oczekuje', 50071299636, 74072644967, 89, 59062396181),
(362, 'Tron Attyli', 'zakończono', 98081943545, 53080288697, 25, 40013181358),
(363, 'Otomana', 'w realizacji', 46010196955, 60112826813, 22, 62031526342),
(364, 'Tron', 'oczekuje', 96011355646, 76112891957, 22, 57041867299),
(365, 'Praska', 'w realizacji', 96080721755, 57110956651, 91, 50102932666),
(366, 'Sgabello', 'w realizacji', 55102266849, 97081286391, 3, 56010485883),
(367, 'Cassapanca', 'w realizacji', 65082327849, 98040382398, 78, 80121883214),
(368, 'Meble skrzyniowe', 'w realizacji', 73082027973, 57041675586, 87, 69120137654),
(369, 'Krzesło numer 14', 'w realizacji', 94051076277, 81112564893, 6, 55082648817),
(370, 'Charpai', 'w realizacji', 57053116125, 73080875981, 14, 42061017371),
(371, 'Ława', 'zakończono', 67061234494, 76081425285, 24, 79120963128),
(372, 'Fajczarnia', 'oczekuje', 72120796547, 68072523177, 49, 71062355739),
(373, 'Tablica na numery pieśni', 'zakończono', 98081943545, 56111925417, 12, 88092727489),
(374, 'Krzesło kurulne', 'oczekuje', 54111363435, 44053122216, 76, 71041773648),
(375, 'Klęcznik', 'zakończono', 83061887586, 93060464374, 39, 94090969398),
(376, 'Parawan', 'zakończono', 72112981779, 59070856866, 70, 58011537958),
(377, 'Łóżko piętrowe', 'zakończono', 97072667217, 76092132765, 64, 89041388322),
(378, 'Fotel', 'w realizacji', 90032981994, 72112014396, 59, 83070229863),
(379, 'Etażerka', 'zakończono', 97072667217, 69080435731, 71, 74051975752),
(380, 'Meblościanka', 'oczekuje', 85032827281, 70111268327, 31, 82042793571),
(381, 'Cassone', 'oczekuje', 56031592843, 74012963622, 18, 86100178249),
(382, 'Charpai', 'w realizacji', 75082194484, 78070171159, 50, 43082791444),
(383, 'Dresuar', 'w realizacji', 51010329177, 62101731665, 90, 89111585248),
(384, 'Gotowalnia', 'oczekuje', 50072752495, 40080546885, 7, 86110246628),
(385, 'Rekamiera', 'oczekuje', 72120796547, 83101479812, 32, 68030943414),
(386, 'Krzesło numer 14', 'zakończono', 72112981779, 77122218727, 20, 58011537958),
(387, 'Taboret', 'oczekuje', 75020789637, 43121422564, 1, 67101491261),
(388, 'Prycza', 'oczekuje', 74052911858, 73071163497, 47, 74121858899),
(389, 'Pulpit', 'oczekuje', 86110716983, 48020417439, 5, 67101261749),
(390, 'Kline', 'w realizacji', 67112452161, 71110763455, 8, 92122536756),
(391, 'Serwantka', 'oczekuje', 81091842571, 76081425285, 42, 83052069959),
(392, 'Leżanka', 'zakończono', 96082943267, 86081182653, 52, 76080561175),
(393, 'Kuszetka', 'w realizacji', 66072688494, 55062387693, 94, 68031886749),
(394, 'Sejf', 'oczekuje', 86110716983, 66012677722, 62, 41012897484),
(395, 'Klismos', 'w realizacji', 60103039859, 65061396787, 5, 84090941814),
(396, 'Konfesjonał', 'zakończono', 96082943267, 41121665866, 65, 79082575492),
(397, 'Szuflada', 'zakończono', 83061887586, 78072174563, 20, 94090969398),
(398, 'Kabinet', 'oczekuje', 47121776722, 98040382398, 23, 45120677174),
(399, 'Hamak', 'oczekuje', 62070176634, 62042522294, 14, 96070941921),
(400, 'Sejf', 'oczekuje', 67061234494, 59070856866, 49, 79120963128),
(401, 'Sekretera', 'oczekuje', 97072667217, 84122121861, 7, 89041388322),
(402, 'Tapczan', 'oczekuje', 49012782966, 53012478521, 92, 88090162615),
(403, 'Otomana', 'zakończono', 67011864582, 74030588643, 11, 47052997777),
(404, 'Bieliźniarka', 'zakończono', 74042799787, 67071913527, 95, 96072278483),
(405, 'Koja', 'oczekuje', 65073086287, 74121767481, 74, 78100683926),
(406, 'Serwantka', 'w realizacji', 84090837759, 41031076866, 30, 77032222173),
(407, 'Zydel', 'zakończono', 65073086287, 89121068944, 46, 78100683926),
(408, 'Parawan', 'zakończono', 75121091871, 66030555936, 39, 54010436878),
(409, 'Ława', 'zakończono', 75020789637, 90010779292, 58, 83081441698),
(410, 'Faldistorium', 'w realizacji', 53091459532, 46100353529, 38, 74021978257),
(411, 'Meble skrzyniowe', 'oczekuje', 63120863861, 57041659188, 99, 94040784376),
(412, 'Kabinet', 'oczekuje', 95022781789, 82083191655, 28, 76122211761),
(413, 'Baigneuse', 'oczekuje', 57052072765, 74012963622, 82, 61090663966),
(414, 'Krzesło numer 14', 'oczekuje', 98033122163, 44042919162, 12, 88052759813),
(415, 'Mensa', 'oczekuje', 91012379213, 49073113778, 38, 69020267176),
(416, 'Łóżko', 'zakończono', 76112577666, 99060577362, 19, 98111026316),
(417, 'Sepet', 'zakończono', 96080721755, 65022645862, 1, 50102932666),
(418, 'Szezlong', 'zakończono', 47121776722, 98120193597, 7, 45120677174),
(419, 'Fotel', 'w realizacji', 53021186875, 43052967794, 11, 63040769722),
(420, 'Ława', 'oczekuje', 82052644588, 65060372184, 71, 41050576161),
(421, 'Parawan koromandelski', 'zakończono', 51012614796, 93022575225, 16, 91032393116),
(422, 'Wersalka', 'zakończono', 75072656297, 56091442571, 23, 57112232162),
(423, 'Meble szkieletowe', 'w realizacji', 83061887586, 45123137815, 44, 58082699869),
(424, 'Szyfoniera', 'w realizacji', 95022781789, 88090193677, 22, 76122211761),
(425, 'Konfesjonał', 'zakończono', 92013156728, 84022266497, 73, 48082683939),
(426, 'Bieliźniarka', 'zakończono', 48072997691, 77122218727, 6, 93062078173),
(427, 'Stół komunijny', 'zakończono', 98081943545, 44041485592, 16, 88092727489),
(428, 'Otomana', 'oczekuje', 91012379213, 74072644967, 14, 69020267176),
(429, 'Konfesjonał', 'oczekuje', 74042799787, 47080723193, 53, 96072278483),
(430, 'Stół', 'oczekuje', 93110333382, 65022645862, 36, 77081072934),
(431, 'Witryna', 'zakończono', 97030837982, 42022391412, 14, 91062615781),
(432, 'Meblościanka', 'w realizacji', 96022369421, 79112753869, 77, 50080428715),
(433, 'Skrzynia', 'zakończono', 63041452997, 74120771151, 51, 74112424278),
(434, 'Sejf', 'w realizacji', 67112452161, 46032434369, 22, 52072948922),
(435, 'Przypiecek', 'zakończono', 67011864582, 86111775828, 48, 47052997777),
(436, 'Ława', 'oczekuje', 76112577666, 99060577362, 58, 98111026316),
(437, 'Łóżko kontynentalne', 'oczekuje', 46122871375, 73010833591, 21, 88082295482),
(438, 'Klęcznik', 'zakończono', 75082194484, 59070856866, 80, 43082791444),
(439, 'Tron Attyli', 'oczekuje', 81092521589, 76112891957, 56, 60040915184),
(440, 'Wersalka', 'oczekuje', 77050691427, 73010833591, 47, 55102877388),
(441, 'Kanapa', 'oczekuje', 84090837759, 41031076866, 51, 65112625332),
(442, 'Kufer', 'zakończono', 65073086287, 49073113778, 85, 47091462681),
(443, 'Coiffeuse', 'w realizacji', 93012184594, 74012963622, 7, 93050876819),
(444, 'Pulpit', 'w realizacji', 83031042399, 58090698793, 2, 58061384517),
(445, 'Szezlong', 'w realizacji', 95012088854, 83101479812, 9, 79100496161),
(446, 'Psyche', 'w realizacji', 91012379213, 74121767481, 85, 69020267176),
(447, 'Otomana', 'w realizacji', 95022781789, 63112863844, 53, 79092497395),
(448, 'Kanapa', 'w realizacji', 93012184594, 63112863844, 22, 93050876819),
(449, 'Podłokietnik', 'zakończono', 96060167544, 96010739186, 26, 68091697431),
(450, 'Bieliźniarka', 'oczekuje', 68052837159, 94121259964, 94, 45123111455),
(451, 'Szuflada', 'zakończono', 51012614796, 93022575225, 81, 91032393116),
(452, 'Praska', 'zakończono', 70061129369, 98040382398, 42, 82012213333),
(453, 'Kuszetka', 'w realizacji', 78030469373, 54021189929, 83, 49010353412),
(454, 'Sekretera', 'oczekuje', 90053114229, 42061669363, 69, 41122638739),
(455, 'Klęcznik', 'w realizacji', 74042799787, 70061751591, 92, 96072278483),
(456, 'Poudreuse', 'oczekuje', 96060167544, 68012942136, 2, 68091697431),
(457, 'Meblościanka', 'oczekuje', 59081064281, 58070254223, 83, 97060663375),
(458, 'Przypiecek', 'oczekuje', 63120863861, 44070555815, 46, 94040784376),
(459, 'Etażerka', 'oczekuje', 77050691427, 81090493983, 54, 55102877388),
(460, 'Berżera', 'w realizacji', 54111363435, 43120828491, 29, 71041773648),
(461, 'Pulpit', 'oczekuje', 90032981994, 92011524147, 45, 83070229863),
(462, 'Biurko Resolute', 'w realizacji', 95022781789, 82083191655, 93, 76122211761),
(463, 'Sepet', 'oczekuje', 65082327849, 98120193597, 97, 80121883214),
(464, 'Sgabello', 'oczekuje', 46122871375, 66011989149, 30, 88082295482),
(465, 'Żardiniera', 'w realizacji', 50072752495, 40080546885, 84, 86110246628),
(466, 'Kozetka', 'oczekuje', 49012782966, 74111925237, 12, 88090162615),
(467, 'Koja', 'oczekuje', 83061887586, 56070998927, 37, 58082699869),
(468, 'Meblościanka', 'zakończono', 59081064281, 93060464374, 96, 97060663375),
(469, 'Poudreuse', 'oczekuje', 81092521589, 81090493983, 6, 60040915184),
(470, 'Półka', 'zakończono', 83061887586, 95013151953, 87, 58082699869),
(471, 'Sekretera', 'oczekuje', 41042556223, 54021899648, 19, 62081497687),
(472, 'Meble skrzyniowe', 'w realizacji', 72120796547, 91021465222, 64, 71062355739),
(473, 'Klękosiad', 'zakończono', 95012088854, 48113017331, 30, 48010254921),
(474, 'Kline', 'w realizacji', 97072667217, 69080435731, 18, 89041388322),
(475, 'Sejf', 'zakończono', 47121776722, 62030816419, 1, 45120677174),
(476, 'Podłokietnik', 'w realizacji', 95062436836, 62081753231, 63, 61050386847),
(477, 'Kufer', 'zakończono', 72120796547, 84090163243, 45, 50052653381),
(478, 'Kawalet', 'zakończono', 64082266488, 89012422871, 41, 86101958897),
(479, 'Biurko', 'oczekuje', 53021186875, 64052261855, 16, 44050584354),
(480, 'Komoda', 'zakończono', 74042799787, 47080723193, 13, 96072278483),
(481, 'Niciak', 'w realizacji', 46010196955, 47072941532, 3, 62031526342),
(482, 'Komoda', 'w realizacji', 52012462648, 76020217575, 32, 63040855432),
(483, 'Puf', 'w realizacji', 66051777762, 61020767922, 34, 90123023835),
(484, 'Faldistorium', 'w realizacji', 64082266488, 58052863322, 99, 77011747284),
(485, 'Berżera', 'zakończono', 92061664349, 47072941532, 5, 82061443363),
(486, 'Cassapanca', 'zakończono', 75082194484, 61121471791, 66, 43082791444),
(487, 'Półka', 'zakończono', 75082194484, 78070171159, 91, 43082791444),
(488, 'Szafka nocna', 'w realizacji', 91061118353, 61121471791, 96, 41011783849),
(489, 'Krzesło', 'w realizacji', 88121769855, 91021465222, 40, 99111552511),
(490, 'Łóżko kontynentalne', 'w realizacji', 64010281378, 67041223535, 98, 68060146131),
(491, 'Łóżko piętrowe', 'w realizacji', 54101273881, 75050185177, 31, 71060181725),
(492, 'Półkotapczan', 'w realizacji', 66072688494, 55020918266, 30, 68031886749),
(493, 'Kufer', 'w realizacji', 76122084327, 46040396198, 18, 60031436825),
(494, 'Voyeuse', 'zakończono', 53021186875, 65061396787, 14, 44050584354),
(495, 'Kontuar', 'w realizacji', 50071299636, 66110416199, 45, 59062396181),
(496, 'Podnóżek', 'w realizacji', 40122171695, 53090375248, 100, 93110952174),
(497, 'Tron', 'zakończono', 51012614796, 68082575137, 80, 91032393116),
(498, 'Koja', 'oczekuje', 81071498893, 99072711491, 9, 42031614698),
(499, 'Kline', 'w realizacji', 73060396677, 93022575225, 57, 44110716426),
(500, 'Cassone', 'oczekuje', 58021215837, 44081477151, 48, 93052057694);

--
-- Tabela Truncate przed wstawieniem `przesylka_typprzesylki`
--

TRUNCATE TABLE `przesylka_typprzesylki`;
--
-- Tabela Truncate przed wstawieniem `rejon`
--

TRUNCATE TABLE `rejon`;
--
-- Zrzut danych tabeli `rejon`
--

INSERT INTO `rejon` (`id_rejonu`, `nazwa`, `opis`, `id_filii`) VALUES
(1, 'Gierałtów', NULL, 102),
(2, 'Kamieniec', NULL, 104),
(3, 'Leszczanka', NULL, 106),
(4, 'Mystki', NULL, 108),
(5, 'Strzyżewice-Gajówka', NULL, 110),
(6, 'Opaka', NULL, 112),
(7, 'Paulanka', NULL, 114),
(8, 'Rataje', NULL, 116),
(9, 'Tworylne', NULL, 118),
(10, 'Kunicha', NULL, 120),
(11, 'Łączka', NULL, 122),
(12, 'Pasieka', NULL, 124),
(13, 'Kostki Duże', NULL, 126),
(14, 'Sporwiny', NULL, 128),
(15, 'Borowo', NULL, 130),
(16, 'Kowańcz', NULL, 132),
(17, 'Kośmin', NULL, 202),
(18, 'Dzierzno', NULL, 204),
(19, 'Biszcza-Osiedle', NULL, 206),
(20, 'Dąbki', NULL, 208),
(21, 'Wysoka Duża', NULL, 210),
(22, 'Zaszuminie', NULL, 212),
(23, 'Kowalewko', NULL, 214),
(24, 'Jakubowice', NULL, 216),
(25, 'Skokówka', NULL, 218),
(26, 'Skroblaki', NULL, 220),
(27, 'Wybudowania Ostrowic', NULL, 222),
(28, 'Mała Rudzica', NULL, 224),
(29, 'Rakówek', NULL, 226),
(30, 'Demity', NULL, 228),
(31, 'Wieleń', NULL, 230),
(32, 'Drawnik', NULL, 232),
(33, 'Zabiele', NULL, 302),
(34, 'Dąbrówka Nowa', NULL, 304),
(35, 'Hredków', NULL, 306),
(36, 'Nowiny', NULL, 308),
(37, 'Buczek-Lgów', NULL, 310),
(38, 'Mały Rozkochów', NULL, 312),
(39, 'Ostrożeń Drugi', NULL, 314),
(40, 'Opatrzność', NULL, 316),
(41, 'Borki', NULL, 318),
(42, 'Kalnica', NULL, 320),
(43, 'Żukowo', NULL, 322),
(44, 'Dębina', NULL, 324),
(45, 'Granica', NULL, 326),
(46, 'Miłostajki', NULL, 328),
(47, 'Strzyżewo Paczkowe', NULL, 330),
(48, 'Stawno', NULL, 332),
(49, 'Tarpno', NULL, 402),
(50, 'Bruki Kokocka', NULL, 404),
(51, 'Sahryń', NULL, 406),
(52, 'Nowe Miasteczko', NULL, 408),
(53, 'Opiesinek', NULL, 410),
(54, 'Gęsica', NULL, 412),
(55, 'Huta Zaborowska', NULL, 414),
(56, 'Zajdak', NULL, 416),
(57, 'Podedwór', NULL, 418),
(58, 'Rydzewo', NULL, 420),
(59, 'Postołowo', NULL, 422),
(60, 'Julianka', NULL, 424),
(61, 'Zazdrość', NULL, 426),
(62, 'Marianka', NULL, 428),
(63, 'Maciejewo', NULL, 430),
(64, 'Grabina', NULL, 432),
(65, 'Sady Górne', NULL, 502),
(66, 'Srebrniki', NULL, 504),
(67, 'Zagóra', NULL, 506),
(68, 'Lubień', NULL, 508),
(69, 'Pierwsza Kolonia', NULL, 510),
(70, 'Zagórze', NULL, 512),
(71, 'Karolina', NULL, 514),
(72, 'Zabierzów', NULL, 516),
(73, 'Rokicina', NULL, 518),
(74, 'Ancuty', NULL, 520),
(75, 'Zajezierze', NULL, 522),
(76, 'Brzeg', NULL, 524),
(77, 'Małachów', NULL, 526),
(78, 'Bajtkowo', NULL, 528),
(79, 'Gola', NULL, 530),
(80, 'Trzebiatów', NULL, 532),
(81, 'Antoniów', NULL, 602),
(82, 'Rywałd', NULL, 604),
(83, 'Chorupnik-Kolonia', NULL, 606),
(84, 'Gilów', NULL, 608),
(85, 'Jerzmanów', NULL, 610),
(86, 'Parcelacja', NULL, 612),
(87, 'Machnatka', NULL, 614),
(88, 'Pokój', NULL, 616),
(89, 'Guściory', NULL, 618),
(90, 'Kamińskie', NULL, 620),
(91, 'Nowy Dwór', NULL, 622),
(92, 'Dąbrówka', NULL, 624),
(93, 'Kolonie', NULL, 626),
(94, 'Ławki', NULL, 628),
(95, 'Tumidaj', NULL, 630),
(96, 'Lubiczyn', NULL, 632),
(97, 'Uniemyśl', NULL, 702),
(98, 'Wolany', NULL, 704),
(99, 'Huta', NULL, 706),
(100, 'Żarzyn', NULL, 708),
(101, 'Zapowiedź', NULL, 710),
(102, 'Klenie', NULL, 712),
(103, 'Grobie', NULL, 714),
(104, 'Kępnica', NULL, 716),
(105, 'Myszkowskie', NULL, 718),
(106, 'Bienduszka', NULL, 720),
(107, 'Obrzynowo', NULL, 722),
(108, 'Woźniki', NULL, 724),
(109, 'Dwór', NULL, 726),
(110, 'Mątyki', NULL, 728),
(111, 'Kurza', NULL, 730),
(112, 'Laska', NULL, 732),
(113, 'Darnków', NULL, 802),
(114, 'Lipno-Rumunki Drugie', NULL, 804),
(115, 'Roczniaki', NULL, 806),
(116, 'Kręcko', NULL, 808),
(117, 'Prusinowice', NULL, 810),
(118, 'Toporów', NULL, 812),
(119, 'Święcienica', NULL, 814),
(120, 'Kopalina', NULL, 816),
(121, 'Kolonia Polska', NULL, 818),
(122, 'Downary', NULL, 820),
(123, 'Bargędzino', NULL, 822),
(124, 'Śmiłowice', NULL, 824),
(125, 'Krzyżanowice Dolne', NULL, 826),
(126, 'Wymiary', NULL, 828),
(127, 'Grzybów', NULL, 830),
(128, 'Gwizd', NULL, 832),
(129, 'Raczkowa', NULL, 902),
(130, 'Sadowiec', NULL, 904),
(131, 'Świdnik Duży', NULL, 906),
(132, 'Będów', NULL, 908),
(133, 'Mazaniec', NULL, 910),
(134, 'Krzywańskowa', NULL, 912),
(135, 'Kolonia Rogalin', NULL, 914),
(136, 'Dąbrowa', NULL, 916),
(137, 'Witki', NULL, 918),
(138, 'Hołny Mejera', NULL, 920),
(139, 'Ząbrowo', NULL, 922),
(140, 'Borek', NULL, 924),
(141, 'Olbierzowice', NULL, 926),
(142, 'Zajączki', NULL, 928),
(143, 'Janina', NULL, 930),
(144, 'Rzeczyca Wielka', NULL, 932),
(145, 'Rudzica', NULL, 1002),
(146, 'Ostrowo', NULL, 1004),
(147, 'Zawadów', NULL, 1006),
(148, 'Jelenin Górny', NULL, 1008),
(149, 'Wygnanów', NULL, 1010),
(150, 'Trześniowy Groń', NULL, 1012),
(151, 'Kolonia', NULL, 1014),
(152, 'Radostynia', NULL, 1016),
(153, 'Góra', NULL, 1018),
(154, 'Cecele', NULL, 1020),
(155, 'Gozdawa', NULL, 1022),
(156, 'Jarząbkowice', NULL, 1024),
(157, 'Brzeście Górne', NULL, 1026),
(158, 'Mostek', NULL, 1028),
(159, 'Tartak', NULL, 1030),
(160, 'Kinice', NULL, 1032),
(161, 'Brodów', NULL, 1102),
(162, 'Góry', NULL, 1104),
(163, 'Praga', NULL, 1106),
(164, 'Siedlec', NULL, 1108),
(165, 'Paulina', NULL, 1110),
(166, 'Gwiżdżówka', NULL, 1112),
(167, 'Papierny Borek', NULL, 1114),
(168, 'Borycz', NULL, 1116),
(169, 'Podlas', NULL, 1118),
(170, 'Brzozowe Błoto', NULL, 1120),
(171, 'Meksyk', NULL, 1122),
(172, 'Brzeźnica', NULL, 1124),
(173, 'Klepacze', NULL, 1126),
(174, 'Janowiec-Zdzięty', NULL, 1128),
(175, 'Wydorowo', NULL, 1130),
(176, 'Barnisław', NULL, 1132),
(177, 'Brunów', NULL, 1202),
(178, 'Karczemka', NULL, 1204),
(179, 'Piotrawin-Kolonia', NULL, 1206),
(180, 'Krzydłowiczki', NULL, 1208),
(181, 'Elżbietów', NULL, 1210),
(182, 'Bór Biskupi', NULL, 1212),
(183, 'Nart', NULL, 1214),
(184, 'Mule', NULL, 1218),
(185, 'Malinówka', NULL, 1220),
(186, 'Żelazo', NULL, 1222),
(187, 'Czuchów', NULL, 1224),
(188, 'Radzików', NULL, 1226),
(189, 'Pod Nowy Dwór', NULL, 1228),
(190, 'Rozdrażewek', NULL, 1230),
(191, 'Pyrzyce', NULL, 1232),
(192, 'Wierzbina', NULL, 1302),
(193, 'Zakrzewska Osada', NULL, 1304),
(194, 'Czerniów', NULL, 1306),
(195, 'Matyldów', NULL, 1310),
(196, 'Zasole', NULL, 1312),
(197, 'Żmijewo-Ponki', NULL, 1314),
(198, 'Zadąbrowie', NULL, 1318),
(199, 'Siennica-Łukasze', NULL, 1320),
(200, 'Czubek', NULL, 1322),
(201, 'Brynica', NULL, 1324),
(202, 'Dzierzgów', NULL, 1326),
(203, 'Czerwony Dwór', NULL, 1328),
(204, 'Ogrody', NULL, 1330),
(205, 'Jeżyce', NULL, 1332),
(206, 'Wydzierno', NULL, 1402),
(207, 'Ernestowo', NULL, 1404),
(208, 'Mięćmierz', NULL, 1406),
(209, 'Gęsówka', NULL, 1410),
(210, 'Klasztorki', NULL, 1412),
(211, 'Zaborze', NULL, 1414),
(212, 'Kowale', NULL, 1418),
(213, 'Krajewo Białe', NULL, 1420),
(214, 'Bielica', NULL, 1422),
(215, 'Kolonia Piast', NULL, 1424),
(216, 'Purda', NULL, 1428),
(217, 'Prusim', NULL, 1430),
(218, 'Wielichówko', NULL, 1432),
(219, 'Wierzbno', NULL, 1502),
(220, 'Pustynia', NULL, 1504),
(221, 'Zawierzcholas', NULL, 1506),
(222, 'Humin-Dobra Ziemskie', NULL, 1510),
(223, 'Rusinowa', NULL, 1512),
(224, 'Nasiadki', NULL, 1514),
(225, 'Stawki', NULL, 1518),
(226, 'Kisewko', NULL, 1522),
(227, 'Gołkowice', NULL, 1524),
(228, 'Bogaczewo', NULL, 1528),
(229, 'Zachodzko', NULL, 1530),
(230, 'Spore', NULL, 1532),
(231, 'Śrem', NULL, 1602),
(232, 'Lisiny', NULL, 1604),
(233, 'Wojciechówka', NULL, 1606),
(234, 'Swolszewice Małe', NULL, 1610),
(235, 'Polanka', NULL, 1612),
(236, 'Kolonia Jelenie', NULL, 1614),
(237, 'Folwark', NULL, 1618),
(238, 'Dąbrówka Malborska', NULL, 1622),
(239, 'Przymiary', NULL, 1624),
(240, 'Nowe Uściany', NULL, 1628),
(241, 'Żołędzin', NULL, 1630),
(242, 'Kłokówko', NULL, 1632),
(243, 'Wieliczna', NULL, 1702),
(244, 'Małe Pułkowo', NULL, 1704),
(245, 'Adampol', NULL, 1706),
(246, 'Wierzchlas', NULL, 1710),
(247, 'Jesionkówka', NULL, 1712),
(248, 'Szkolmaki', NULL, 1714),
(249, 'Przysiółek', NULL, 1718),
(250, 'Kościelni', NULL, 1724),
(251, 'Korpele', NULL, 1728),
(252, 'Zakrzewki', NULL, 1730),
(253, 'Kalinówka', NULL, 1732),
(254, 'Gałów', NULL, 1802),
(255, 'Ku Wólce', NULL, 1804),
(256, 'Stawki', NULL, 1806),
(257, 'Zamoście', NULL, 1810),
(258, 'Urbanki', NULL, 1812),
(259, 'Chosna', NULL, 1814),
(260, 'Nad Jeziorem', NULL, 1818),
(261, 'Kruki', NULL, 1828),
(262, 'Potaśnia', NULL, 1830),
(263, 'Łabuń Wielki', NULL, 1832),
(264, 'Kłaczyna', NULL, 1902),
(265, 'Biskupiec', NULL, 1904),
(266, 'Włodawa', NULL, 1906),
(267, 'Tarnówka', NULL, 1910),
(268, 'Dąbrówka', NULL, 1912),
(269, 'Dobrosielice Pierwsz', NULL, 1914),
(270, 'Za Wodą', NULL, 1918),
(271, 'Zielony Ostrów', NULL, 1928),
(272, 'Kruszki', NULL, 1930),
(273, 'Sanie', NULL, 2002),
(274, 'Borowina', NULL, 2006),
(275, 'Smardzew', NULL, 2010),
(276, 'Drozdowo', NULL, 2014),
(277, 'Smykle', NULL, 2018),
(278, 'Strzyżew', NULL, 2030),
(279, 'Dworzysko', NULL, 2102),
(280, 'Stare Koluszki', NULL, 2110),
(281, 'Falenty Duże', NULL, 2114),
(282, 'Dział', NULL, 2118),
(283, 'Dębienko', NULL, 2130),
(284, 'Krzydlina Wielka', NULL, 2202),
(285, 'Trzcianka', NULL, 2214),
(286, 'Dąbrówka', NULL, 2230),
(287, 'Stępin', NULL, 2302),
(288, 'Gajówka', NULL, 2314),
(289, 'Nowa Górka', NULL, 2330),
(290, 'Służejów', NULL, 2402),
(291, 'Zamoście', NULL, 2414),
(292, 'Binińskie Huby', NULL, 2430),
(293, 'Nowoszyce', NULL, 2502),
(294, 'Stara Wieś', NULL, 2514),
(295, 'Dzierznica', NULL, 2530),
(296, 'Jasionek', NULL, 2602),
(297, 'Kaliski', NULL, 2614),
(298, 'Piotrowo', NULL, 2630),
(299, 'Kotarczyn', NULL, 2714),
(300, 'Wincentów', NULL, 2730),
(301, 'Dębsk-Folwark', NULL, 2814),
(302, 'Włókna', NULL, 2830),
(303, 'Kolonie Albinowskie', NULL, 2914),
(304, 'Tuchorzyniec', NULL, 2930),
(305, 'Borki', NULL, 3014),
(306, 'Piaski', NULL, 3030),
(307, 'Ciosaniec', NULL, 3130),
(308, 'Grądki', NULL, 3214),
(309, 'Butlerów', NULL, 3314),
(310, 'Szlędaki', NULL, 3414),
(311, 'Dalekie-Tartak', NULL, 3514),
(312, 'Pastwiska', NULL, 3614),
(313, 'Wieluń-Zalesie', NULL, 3714),
(314, 'Chrząszczew', NULL, 3814);

--
-- Tabela Truncate przed wstawieniem `reklamacja`
--

TRUNCATE TABLE `reklamacja`;
--
-- Tabela Truncate przed wstawieniem `typprzesylki`
--

TRUNCATE TABLE `typprzesylki`;
--
-- Tabela Truncate przed wstawieniem `zlecenie`
--

TRUNCATE TABLE `zlecenie`;
--
-- Zrzut danych tabeli `zlecenie`
--

INSERT INTO `zlecenie` (`id_zlecenia`, `opis`, `cena`, `rodzaj_platnosci`, `status`, `pesel_nadawcy`) VALUES
(1, 'Zamówienie nr 1 (paczek - 6)', 60.00, 'z góry', 'zakończono', 81110126767),
(2, 'Zamówienie nr 2 (paczek - 2)', 20.00, 'z góry', 'zakończono', 56121953347),
(3, 'Zamówienie nr 3 (paczek - 4)', 40.00, 'za pobraniem', 'zakończono', 67091586853),
(4, 'Zamówienie nr 4 (paczek - 1)', 10.00, 'z góry', 'zakończono', 66022165921),
(5, 'Zamówienie nr 5 (paczek - 5)', 50.00, 'za pobraniem', 'zakończono', 43071986327),
(6, 'Zamówienie nr 6 (paczek - 9)', 90.00, 'z góry', 'w realizacji', 87011642113),
(7, 'Zamówienie nr 7 (paczek - 5)', 50.00, 'za pobraniem', 'oczekuje', 84090652428),
(8, 'Zamówienie nr 8 (paczek - 4)', 40.00, 'za pobraniem', 'zakończono', 90082137772),
(9, 'Zamówienie nr 9 (paczek - 3)', 30.00, 'z góry', 'oczekuje', 73011397948),
(10, 'Zamówienie nr 10 (paczek - 7)', 70.00, 'z góry', 'zakończono', 83072821674),
(11, 'Zamówienie nr 11 (paczek - 6)', 60.00, 'z góry', 'oczekuje', 63101398126),
(12, 'Zamówienie nr 12 (paczek - 9)', 90.00, 'z góry', 'zakończono', 87032375924),
(13, 'Zamówienie nr 13 (paczek - 7)', 70.00, 'przy odbiorze', 'w realizacji', 82072694516),
(14, 'Zamówienie nr 14 (paczek - 11)', 110.00, 'z góry', 'w realizacji', 92072896726),
(15, 'Zamówienie nr 15 (paczek - 4)', 40.00, 'przy odbiorze', 'zakończono', 76043086624),
(16, 'Zamówienie nr 16 (paczek - 6)', 60.00, 'za pobraniem', 'oczekuje', 98040926198),
(17, 'Zamówienie nr 17 (paczek - 2)', 20.00, 'za pobraniem', 'w realizacji', 71020689878),
(18, 'Zamówienie nr 18 (paczek - 7)', 70.00, 'przy odbiorze', 'oczekuje', 97072624366),
(19, 'Zamówienie nr 19 (paczek - 5)', 50.00, 'z góry', 'zakończono', 99022846329),
(20, 'Zamówienie nr 20 (paczek - 4)', 40.00, 'za pobraniem', 'w realizacji', 89071371493),
(21, 'Zamówienie nr 21 (paczek - 4)', 40.00, 'z góry', 'zakończono', 69051949111),
(22, 'Zamówienie nr 22 (paczek - 7)', 70.00, 'za pobraniem', 'zakończono', 74060182789),
(23, 'Zamówienie nr 23 (paczek - 6)', 60.00, 'z góry', 'zakończono', 54120913571),
(24, 'Zamówienie nr 24 (paczek - 4)', 40.00, 'przy odbiorze', 'w realizacji', 76022592856),
(25, 'Zamówienie nr 25 (paczek - 6)', 60.00, 'przy odbiorze', 'oczekuje', 99081218693),
(26, 'Zamówienie nr 26 (paczek - 1)', 10.00, 'z góry', 'oczekuje', 47031975822),
(27, 'Zamówienie nr 27 (paczek - 5)', 50.00, 'za pobraniem', 'w realizacji', 88013199368),
(28, 'Zamówienie nr 28 (paczek - 3)', 30.00, 'za pobraniem', 'w realizacji', 67072813574),
(29, 'Zamówienie nr 29 (paczek - 5)', 50.00, 'z góry', 'zakończono', 63053078228),
(30, 'Zamówienie nr 30 (paczek - 9)', 90.00, 'z góry', 'w realizacji', 98050832788),
(31, 'Zamówienie nr 31 (paczek - 4)', 40.00, 'za pobraniem', 'oczekuje', 65112277928),
(32, 'Zamówienie nr 32 (paczek - 6)', 60.00, 'z góry', 'oczekuje', 79021729827),
(33, 'Zamówienie nr 33 (paczek - 1)', 10.00, 'przy odbiorze', 'oczekuje', 42112231617),
(34, 'Zamówienie nr 34 (paczek - 2)', 20.00, 'z góry', 'w realizacji', 80032535569),
(35, 'Zamówienie nr 35 (paczek - 2)', 20.00, 'z góry', 'w realizacji', 89122596839),
(36, 'Zamówienie nr 36 (paczek - 7)', 70.00, 'za pobraniem', 'w realizacji', 50100556417),
(37, 'Zamówienie nr 37 (paczek - 8)', 80.00, 'przy odbiorze', 'zakończono', 80062226828),
(38, 'Zamówienie nr 38 (paczek - 7)', 70.00, 'z góry', 'zakończono', 45042139381),
(39, 'Zamówienie nr 39 (paczek - 6)', 60.00, 'za pobraniem', 'zakończono', 98123184998),
(40, 'Zamówienie nr 40 (paczek - 3)', 30.00, 'za pobraniem', 'w realizacji', 46022575146),
(41, 'Zamówienie nr 41 (paczek - 3)', 30.00, 'z góry', 'oczekuje', 61041136242),
(42, 'Zamówienie nr 42 (paczek - 4)', 40.00, 'z góry', 'oczekuje', 70101545212),
(43, 'Zamówienie nr 43 (paczek - 5)', 50.00, 'przy odbiorze', 'oczekuje', 96052072788),
(44, 'Zamówienie nr 44 (paczek - 2)', 20.00, 'za pobraniem', 'w realizacji', 54083053549),
(45, 'Zamówienie nr 45 (paczek - 13)', 130.00, 'za pobraniem', 'w realizacji', 45022338689),
(46, 'Zamówienie nr 46 (paczek - 6)', 60.00, 'z góry', 'oczekuje', 43091063433),
(47, 'Zamówienie nr 47 (paczek - 6)', 60.00, 'przy odbiorze', 'w realizacji', 75032514216),
(48, 'Zamówienie nr 48 (paczek - 5)', 50.00, 'za pobraniem', 'w realizacji', 40020496733),
(49, 'Zamówienie nr 49 (paczek - 6)', 60.00, 'za pobraniem', 'zakończono', 92071915118),
(50, 'Zamówienie nr 50 (paczek - 5)', 50.00, 'za pobraniem', 'zakończono', 45070999595),
(51, 'Zamówienie nr 51 (paczek - 3)', 30.00, 'przy odbiorze', 'zakończono', 79050352276),
(52, 'Zamówienie nr 52 (paczek - 4)', 40.00, 'za pobraniem', 'oczekuje', 93072631856),
(53, 'Zamówienie nr 53 (paczek - 8)', 80.00, 'przy odbiorze', 'w realizacji', 53080963978),
(54, 'Zamówienie nr 54 (paczek - 1)', 10.00, 'przy odbiorze', 'oczekuje', 55061029994),
(55, 'Zamówienie nr 55 (paczek - 2)', 20.00, 'przy odbiorze', 'zakończono', 71071569671),
(56, 'Zamówienie nr 56 (paczek - 7)', 70.00, 'za pobraniem', 'w realizacji', 50062438936),
(57, 'Zamówienie nr 57 (paczek - 8)', 80.00, 'z góry', 'oczekuje', 45121671122),
(58, 'Zamówienie nr 58 (paczek - 7)', 70.00, 'za pobraniem', 'oczekuje', 68072784767),
(59, 'Zamówienie nr 59 (paczek - 3)', 30.00, 'z góry', 'w realizacji', 46032494152),
(60, 'Zamówienie nr 60 (paczek - 5)', 50.00, 'przy odbiorze', 'zakończono', 60070922842),
(61, 'Zamówienie nr 61 (paczek - 5)', 50.00, 'z góry', 'w realizacji', 92031934737),
(62, 'Zamówienie nr 62 (paczek - 6)', 60.00, 'za pobraniem', 'zakończono', 66082897385),
(63, 'Zamówienie nr 63 (paczek - 4)', 40.00, 'za pobraniem', 'oczekuje', 77112324975),
(64, 'Zamówienie nr 64 (paczek - 5)', 50.00, 'za pobraniem', 'w realizacji', 50042598854),
(65, 'Zamówienie nr 65 (paczek - 5)', 50.00, 'za pobraniem', 'zakończono', 69112085145),
(66, 'Zamówienie nr 66 (paczek - 5)', 50.00, 'z góry', 'oczekuje', 40022456937),
(67, 'Zamówienie nr 67 (paczek - 3)', 30.00, 'z góry', 'w realizacji', 67052071725),
(68, 'Zamówienie nr 68 (paczek - 5)', 50.00, 'za pobraniem', 'w realizacji', 63030349185),
(69, 'Zamówienie nr 69 (paczek - 1)', 10.00, 'za pobraniem', 'oczekuje', 44062974884),
(70, 'Zamówienie nr 70 (paczek - 6)', 60.00, 'przy odbiorze', 'w realizacji', 67120882567),
(71, 'Zamówienie nr 71 (paczek - 8)', 80.00, 'za pobraniem', 'zakończono', 98042672486),
(72, 'Zamówienie nr 72 (paczek - 2)', 20.00, 'przy odbiorze', 'oczekuje', 63081944728),
(73, 'Zamówienie nr 73 (paczek - 6)', 60.00, 'przy odbiorze', 'oczekuje', 73090944743),
(74, 'Zamówienie nr 74 (paczek - 4)', 40.00, 'przy odbiorze', 'oczekuje', 77061612714),
(75, 'Zamówienie nr 75 (paczek - 2)', 20.00, 'przy odbiorze', 'zakończono', 40081779385),
(76, 'Zamówienie nr 76 (paczek - 5)', 50.00, 'z góry', 'oczekuje', 75111318812),
(77, 'Zamówienie nr 77 (paczek - 4)', 40.00, 'z góry', 'w realizacji', 98123031481),
(78, 'Zamówienie nr 78 (paczek - 6)', 60.00, 'za pobraniem', 'zakończono', 81090271776),
(79, 'Zamówienie nr 79 (paczek - 3)', 30.00, 'z góry', 'w realizacji', 51120137611),
(80, 'Zamówienie nr 80 (paczek - 5)', 50.00, 'przy odbiorze', 'w realizacji', 62092521397),
(81, 'Zamówienie nr 81 (paczek - 8)', 80.00, 'przy odbiorze', 'oczekuje', 40122251412),
(82, 'Zamówienie nr 82 (paczek - 6)', 60.00, 'za pobraniem', 'w realizacji', 47081231686),
(83, 'Zamówienie nr 83 (paczek - 3)', 30.00, 'przy odbiorze', 'w realizacji', 56041591331),
(84, 'Zamówienie nr 84 (paczek - 5)', 50.00, 'za pobraniem', 'zakończono', 64010816282),
(85, 'Zamówienie nr 85 (paczek - 6)', 60.00, 'przy odbiorze', 'w realizacji', 75042398884),
(86, 'Zamówienie nr 86 (paczek - 1)', 10.00, 'za pobraniem', 'zakończono', 59062472225),
(87, 'Zamówienie nr 87 (paczek - 8)', 80.00, 'za pobraniem', 'zakończono', 58071147232),
(88, 'Zamówienie nr 88 (paczek - 2)', 20.00, 'za pobraniem', 'w realizacji', 60090336962),
(89, 'Zamówienie nr 89 (paczek - 5)', 50.00, 'przy odbiorze', 'zakończono', 64082457183),
(90, 'Zamówienie nr 90 (paczek - 3)', 30.00, 'za pobraniem', 'zakończono', 65081859495),
(91, 'Zamówienie nr 91 (paczek - 4)', 40.00, 'przy odbiorze', 'w realizacji', 75061839571),
(92, 'Zamówienie nr 92 (paczek - 4)', 40.00, 'przy odbiorze', 'w realizacji', 97021569621),
(93, 'Zamówienie nr 93 (paczek - 9)', 90.00, 'z góry', 'oczekuje', 72030443478),
(94, 'Zamówienie nr 94 (paczek - 7)', 70.00, 'przy odbiorze', 'zakończono', 40010924932),
(95, 'Zamówienie nr 95 (paczek - 5)', 50.00, 'z góry', 'zakończono', 79070833698),
(96, 'Zamówienie nr 96 (paczek - 3)', 30.00, 'z góry', 'zakończono', 51092574115),
(97, 'Zamówienie nr 97 (paczek - 3)', 30.00, 'przy odbiorze', 'zakończono', 53052029189),
(98, 'Zamówienie nr 98 (paczek - 5)', 50.00, 'za pobraniem', 'zakończono', 73041738713),
(99, 'Zamówienie nr 99 (paczek - 6)', 60.00, 'za pobraniem', 'w realizacji', 71031031378),
(100, 'Zamówienie nr 100 (paczek - 11', 110.00, 'przy odbiorze', 'zakończono', 90011886649);
SET FOREIGN_KEY_CHECKS=1;

/*!40101 SET CHARACTER_SET_CLIENT=@OLD_CHARACTER_SET_CLIENT */;
/*!40101 SET CHARACTER_SET_RESULTS=@OLD_CHARACTER_SET_RESULTS */;
/*!40101 SET COLLATION_CONNECTION=@OLD_COLLATION_CONNECTION */;
