CREATE DATABASE  IF NOT EXISTS `kuriex` /*!40100 DEFAULT CHARACTER SET utf8 */;
USE `kuriex`;

/*!40101 SET @OLD_CHARACTER_SET_CLIENT=@@CHARACTER_SET_CLIENT */;
/*!40101 SET @OLD_CHARACTER_SET_RESULTS=@@CHARACTER_SET_RESULTS */;
/*!40101 SET @OLD_COLLATION_CONNECTION=@@COLLATION_CONNECTION */;
/*!40101 SET NAMES utf8 */;
/*!40014 SET @OLD_FOREIGN_KEY_CHECKS=@@FOREIGN_KEY_CHECKS, FOREIGN_KEY_CHECKS=0 */;
/*!40101 SET @OLD_SQL_MODE=@@SQL_MODE, SQL_MODE='NO_AUTO_VALUE_ON_ZERO' */;
/*!40111 SET @OLD_SQL_NOTES=@@SQL_NOTES, SQL_NOTES=0 */;

/*!40000 ALTER TABLE dostawca DISABLE KEYS */;
INSERT INTO dostawca VALUES (40041853713,'Halka ','Jaśkiewicz',1118,1),(40122171695,'Hanna ','Wilczek',1318,2),(41012947462,'Ilona ','Rusin',1424,1),(41031587858,'Gerazym ','Kmiecik',1414,2),(41042556223,'Germanik ','Kubacki',1614,2),(41051427398,'Fideliusz ','Ciszewski',1510,1),(41072724496,'Falibog','Mikulski',208,2),(41080475715,'Enniusz ','Biernat',504,2),(41122179638,'Herakliusz ','Szwed',220,1),(42020448345,'Ingeborga ','Czerniak',1624,2),(42041918823,'Gabriela','Borek',1612,2),(43022299533,'Fabian ','Dębowski',1906,2),(43083118895,'Irena ','Kuchta',326,1),(43092538532,'Izka','Dudzik',628,2),(44012161542,'Hugon ','Szyszka',224,2),(44020927781,'Jolka','Buczkowski',3030,2),(44051922986,'Fidelisa ','Jędrzejczak',1410,2),(44080659244,'Eligiusz ','Fijałkowski',1302,1),(44081112881,'Gotfryd ','Bochenek',216,2),(44102418318,'Elka','Zaręba',1702,1),(44112659712,'Jerzy','Knapik',2230,2),(45042335282,'Gienek','Misiak',2014,2),(45052732578,'Falibor ','Walkowiak',308,1),(45061138857,'Jaropełk ','Bąkowski',930,2),(45102695297,'Honoryna ','Kwieciński',822,2),(45121269372,'Hilary ','Niedzielski',1320,2),(46010196955,'Jadwiga ','Kobus',1428,2),(46030115785,'Emerencja ','Frączek',2202,2),(46031746724,'Filip ','Nowaczyk',1710,1),(46051073471,'German ','Bujak',1514,1),(46072575875,'Erwin','Kaczorowski',1604,1),(46102588921,'Elizka','Witczak',1502,1),(46122871375,'Huberta ','Włodarski',1422,1),(47012233482,'Gardenia ','Jagiełło',1912,2),(47060633258,'Ezechiel ','Cebula',1706,1),(47120356187,'Hubysław ','Stolarczyk',1522,1),(47121776722,'Gorzysław ','Gąsiorowski',3214,2),(48072997691,'Gardomir','Skrzypek',114,1),(49010857329,'Flora ','Hajduk',2110,1),(49012782966,'Januaria ','Motyka',130,2),(49041853297,'Erast ','Rogalski',804,1),(49062327151,'Flawiusz ','Krysiak',2010,2),(49120576686,'Jan','Banasik',1728,2),(49122833789,'Emiliusz ','Kucharczyk',204,2),(50071299636,'Ildefons ','Czekaj',1324,2),(50072154822,'Erazma ','Janus',1004,2),(50072752495,'Izyda ','Żuk',828,1),(50122993148,'Grodzisław ','Pasternak',816,2),(51010329177,'Festus ','Urbańczyk',1110,1),(51011629962,'Fabrycjan ','Bogucki',2006,1),(51012614796,'Ewelinka','Rosiak',1606,1),(51020646127,'Flawia ','Bielawski',1810,1),(51062318244,'Hipolit ','Szcześniak',222,2),(51070447259,'Józef ','Cichy',432,2),(51100121481,'Edzio','Winiarski',602,2),(51110124362,'Helmut ','Misztal',1718,2),(52012462648,'Efrem','Grzyb',702,1),(52041712723,'Izabela ','Kotowski',328,1),(52051682865,'Gwidon ','Słowiński',918,1),(52081173229,'Emilia ','Rybicki',2502,2),(52122634618,'Edwin','Konopka',302,1),(53010327278,'Jasiek','Rosa',1530,1),(53021186875,'Henryka ','Sławiński',2118,2),(53021385465,'Edward','Panek',202,1),(53091459532,'Iweta ','Więcek',926,2),(53091667643,'Edytka','Banasiak',502,1),(54060752555,'Gizela ','Mierzejewski',2214,2),(54070713883,'Eustacjusz ','Gawron',706,1),(54072657446,'Franciszka ','Kałuża',1012,1),(54091022139,'Eugeniusz ','Książek',406,1),(54101217788,'Hiacynt ','Modzelewski',920,1),(54101273881,'Gosia','Olczak',3314,2),(54101531949,'Godfryd ','Zielonka',2614,2),(54111363435,'Franciszek ','Lach',912,2),(55080472986,'Gloria ','Jakubiak',2414,1),(55102266849,'Feliks ','Kołodziejski',710,2),(56031592843,'Heloiza ','Sieradzki',1818,2),(56032042613,'Irmina ','Chojnowski',526,1),(56032967556,'Elżbieta ','Królikowski',1902,2),(56041343297,'Felek','Cygan',110,2),(56042316252,'Gotard ','Stelmach',116,1),(56072135638,'Fausta','Czapla',808,1),(57043017128,'Elwira ','Nawrot',1802,1),(57052072765,'Gwalbert ','Cholewa',818,2),(57053116125,'Enoch ','Różycki',604,2),(57080298179,'Gaudencja ','Mika',314,1),(57110629869,'Jaromira ','Płonka',830,2),(57123069829,'Heliasz ','Kubica',1618,1),(58021215837,'Fidelia ','Falkowski',1210,2),(59081064281,'Julietta ','Jagielski',1232,1),(59082335764,'Grzes','Górniak',118,1),(59090769843,'Jarema','Dąbkowski',630,2),(59090828311,'Franek','Gawlik',1112,2),(60011049166,'Innocenty ','Guzik',226,1),(60060727989,'Jolanta','Ziętek',2930,2),(60083187724,'Horacjusz ','Adamowicz',922,2),(60101734435,'Hermana ','Kapusta',620,2),(60102848834,'Florencjusz ','Lisiecki',112,2),(60103039859,'Grzymisław ','Filipowicz',418,1),(61030775917,'Jonasz ','Sołtysiak',3130,2),(61032458775,'Ewaryst ','Radomski',1306,2),(61091679377,'Giedymin ','Tarnowski',1914,2),(61092471732,'Herman ','Paczkowski',520,1),(61102313368,'Fidelis ','Filipek',1310,1),(62070176634,'Jonatan ','Marchewka',132,2),(62091198473,'Falimir','Malec',408,2),(63012564599,'Eligia','Skowron',1202,1),(63041452997,'Galfryd ','Wasiak',1812,2),(63060463932,'Huniemir','Stanisławski',624,2),(63072669221,'Innocenta ','Frątczak',126,1),(63092827391,'Henryk ','Iwański',2018,2),(63101339174,'Gostmił ','Janas',3514,1),(63120863861,'Erhard ','Szczepanik',1104,2),(64010281378,'Juri','Balcerzak',1532,2),(64022827339,'Julia ','Woś',1032,1),(64030669974,'Iza','Stanek',128,1),(64071877194,'Gedeon ','Sobieraj',814,2),(64081097546,'Gaspar','Lasota',214,2),(64082266488,'Ewa','Kubik',1106,2),(64102549399,'Jacław ','Januszewski',1328,1),(65073086287,'Ignacy ','Suski',1124,2),(65082327849,'Georgina ','Dubiel',1114,2),(66022431127,'Grzegorz ','Piwowarczyk',1016,2),(66051777762,'Izydora','Urbanowicz',1028,2),(66072688494,'Horacy ','Sochacki',1022,2),(66083183852,'Julian ','Kłosowski',1132,1),(66121294272,'Józefa ','Miśkiewicz',532,1),(67011014185,'Justyn ','Górny',1732,2),(67011864582,'Floryn ','Pietras',612,1),(67021542836,'Grażyna ','Noga',616,1),(67061234494,'Gniewomir ','Twardowski',2514,1),(67080445426,'Gerwazy','Gutowski',1814,2),(67102121466,'Herakles ','Adamczak',120,1),(67111366278,'Jola','Aleksandrowicz',2830,1),(67112452161,'Igor ','Drabik',1224,1),(67112837113,'Ewelin ','Dąbek',1406,1),(68041557345,'Egon','Kuś',902,2),(68052837159,'Iga ','Sitek',924,2),(68071932635,'Emilian ','Kostrzewa',2602,2),(68122287497,'Florentyn ','Jagodziński',312,2),(68123116428,'Fortunat ','Karwowski',712,2),(69022731396,'Jacenty ','Kolasa',1228,2),(69051337237,'Ferdek','Sokół',910,2),(69060854961,'Jarosław ','Tomala',1130,2),(70061129369,'Gawin','Borowiec',614,1),(70082036257,'Emanuel ','Młynarczyk',2002,1),(70082759712,'Ernestyn ','Szostak',1404,1),(70102698186,'Gosława ','Piórkowski',3814,2),(70103121632,'Edmund ','Gil',102,2),(70111026527,'Hubert ','Dec',1322,1),(71123163611,'Gaudenty ','Masłowski',414,1),(72020398227,'Erazm ','Szymczyk',904,2),(72061878892,'Iwonka','Pytel',1226,1),(72091928255,'Justyna ','Skowronek',1832,2),(72100484983,'Emilka','Frąckowiak',304,1),(72110641518,'Gliceria ','Kopczyński',2314,1),(72110819733,'Georgia ','Karaś',1014,2),(72112981779,'Godzisław ','Jurkiewicz',2814,2),(72120796547,'Joanna ','Stolarski',2630,1),(73020639471,'Gabriel','Skibiński',1512,2),(73060396677,'Eufrozyna ','Trojanowski',206,2),(73070164765,'Gebhard ','Raczyński',714,1),(73071848778,'Iryda ','Szatkowski',626,1),(73082027973,'Jarowit ','Kita',1330,1),(73103145978,'Genowefa ','Ślusarczyk',914,2),(73121028224,'Ida ','Molenda',724,2),(74042799787,'Hiob ','Adamiak',1420,2),(74052911858,'Gracjan ','Staszewski',416,2),(74110322196,'Hermes ','Adamek',720,1),(74111951393,'Falisława ','Flis',608,1),(75010193785,'Gosław ','Pakuła',3714,1),(75020789637,'Faust','Wąsik',708,1),(75022195861,'Ismena ','Kowalczuk',826,1),(75030893274,'Jarosława ','Broda',1230,2),(75062935481,'Honorat ','Ruciński',522,2),(75072656297,'Eryk ','Tkaczyk',1804,2),(75082194484,'Gilbert ','Bartosik',2114,2),(75112675626,'Elka','Gąsior',1602,1),(75121091871,'Felicja ','Gałązka',210,1),(76010888547,'Just ','Pawlicki',1632,2),(76012332723,'Eleonora','Dudziński',1002,2),(76012778811,'Hania','Kaczmarski',1218,1),(76021852276,'Gaweł','Juszczak',514,2),(76041483454,'Ewald ','Maliszewski',1206,1),(76092381824,'Janina ','Skalski',1828,1),(76103085646,'Judyta ','Mrozek',932,2),(76112577666,'Felicyta ','Wnuk',610,1),(76112691854,'Irydion ','Kruszewski',726,2),(76122084327,'Fryderyk ','Wroński',1312,1),(77011062767,'Jarek','Partyka',530,1),(77030893292,'Henia','Krupiński',1918,1),(77031649946,'Eliasz','Zaremba',1102,2),(77050691427,'Honorata ','Kaszuba',622,1),(77052339547,'Jurek','Michalczyk',1432,2),(77091829186,'Izbor ','Michałek',528,2),(77101022682,'Erwina ','Żebrowski',1704,1),(77121356787,'Jacek ','Wolak',1128,1),(78030469373,'Jeremiasz ','Głogowski',2030,2),(78031574384,'Jodok ','Napierała',2730,2),(78111513881,'Ernesta ','Buczek',1304,1),(78112313848,'Grzesiek','Matuszak',318,1),(78120633961,'Jerosława ','Piłat',2130,2),(79070395389,'Emil','Gawroński',2402,1),(79072647316,'Ernest ','Szczygieł',1204,2),(79092566613,'Jaśmina ','Jurkowski',1730,2),(79120643343,'Harald','Jankowiak',1418,1),(80032665923,'Grzymisława ','Milczarek',518,2),(80071727369,'Jaromir ','Trzeciak',730,1),(80091735423,'Jakub ','Pawlikowski',1628,1),(80100123629,'Eugenia ','Bagiński',306,2),(80110717593,'Frumencjusz ','Dziuba',1212,1),(81010866963,'Jordan ','Koper',232,1),(81060538816,'Goszczuj ','Bilski',3614,1),(81071282234,'Józefina ','Rybarczyk',732,2),(81071498893,'Falisław ','Burzyński',508,2),(81071844496,'Fabrycy','Więckowski',108,1),(81091842571,'Gerard ','Łukaszewski',1214,2),(81092521589,'Honoriusz ','Bober',722,1),(81103095353,'Idalia','Paszkowski',824,1),(82021282137,'Hipolita ','Sołtys',322,1),(82042562546,'Euzebia ','Rogala',906,1),(82052644588,'Izolda ','Szczęsny',728,1),(82062253446,'Eutropiusz ','Wojtczak',806,1),(82070689664,'Hermina ','Stępniak',820,1),(82100411391,'Emanuela ','Sienkiewicz',2102,2),(83010777186,'Jarostryj ','Głąb',1030,1),(83021628345,'Gorazd ','Florczak',3014,2),(83031042399,'Gracja ','Stec',316,1),(83041495969,'Gośka','Koza',3414,1),(83041987697,'Janisław ','Bożek',1928,2),(83061887586,'Józefat ','Buczyński',632,2),(83113054898,'Fortunata ','Żmuda',812,1),(84030576685,'Iza','Kuc',1326,2),(84062739742,'Hodysław ','Florek',422,2),(84071517254,'Hugona ','Mroczkowski',324,1),(84090329715,'Florentyna ','Szafrański',412,2),(84090837759,'Filemon ','Zajączkowski',1610,2),(84091464466,'Gerarda ','Dominiak',1314,1),(84110857934,'Jędrzej ','Kołakowski',1830,1),(84122077513,'Emma ','Pałka',404,1),(85032827281,'Emiliana ','Czyżewski',104,2),(86011594987,'Iwona ','Skóra',1126,2),(86013169327,'Faustyn','Drozdowski',908,2),(86042667997,'Ferdynand','Zaborowski',1010,2),(86110716983,'Ireneusz ','Budzyński',426,1),(86111326383,'Gustawa ','Adamus',718,1),(87013157459,'Felicjan ','Łukasiewicz',310,1),(87091171831,'Febronia ','Rzepka',1208,1),(88021568673,'Herbert ','Zwoliński',320,1),(88061531176,'Gajusz','Krakowiak',1712,2),(88062138662,'Eliza','Dobosz',1402,2),(88062531168,'Jimisław ','Dróżdż',2330,1),(88081114733,'Izaak ','Puchalski',228,1),(88111082625,'Flawian','Węgrzyn',1910,2),(88121769855,'January ','Bielak',330,2),(89092744373,'Euzebiusz ','Kula',1006,1),(90032981994,'Humbelina ','Prokop',424,1),(90053114229,'Eustachiusz ','Jurek',506,1),(90061649214,'Estera ','Drzewiecki',106,1),(90062534935,'Ewelina ','Kisiel',1506,1),(90073033434,'Juda ','Stachura',832,1),(90090438739,'Hortensjusz ','Gołąb',1222,1),(90101524879,'Humbert ','Góral',524,1),(91012379213,'Ingryda ','Kępa',1724,2),(91040328854,'Gertruda ','Pilarski',1714,1),(91041987661,'Emeryk ','Słowik',2302,1),(91061118353,'Godzimir ','Jezierski',2714,1),(91091057527,'Ignacja ','Świerczyński',1024,2),(91103018726,'Gustaw ','Kędziora',618,2),(92013156728,'Feliksa ','Andrzejczak',810,1),(92050366579,'Juliusz ','Janusz',1332,1),(92061664349,'Izaura ','Augustyn',428,2),(92081957182,'Eustachy ','Trzciński',606,2),(92082385667,'Florian ','Białas',512,1),(92101718441,'Jas','Wypych',1430,1),(92102943967,'Fawila','Wójcicki',1108,2),(92111384878,'Hortensja ','Grzywacz',1122,2),(92112231322,'Grzesiek','Jędrzejczyk',218,2),(93012184594,'Helena ','Strzelczyk',1518,2),(93082016175,'Herkules ','Zygmunt',420,1),(93110333382,'Hilaria ','Siedlecki',1220,1),(93122344651,'Fabia','Rojek',1806,2),(94031061956,'Ilza ','Gałka',1524,2),(94051076277,'Januariusz ','Urbanek',230,1),(94051391941,'Jeremi ','Kiełbasa',1930,2),(94062744732,'Hiacynta ','Majcher',1020,2),(94122795416,'Felicysym ','Lipski',510,2),(95012088854,'Joachim ','Białkowski',2430,1),(95022277831,'Egbert','Rakowski',802,1),(95022781789,'Halina ','Gaweł',1018,2),(95062436836,'Felicjana ','Pawelec',410,2),(95091229959,'Florenty ','Mroczek',212,2),(95091942889,'Fryderyka ','Gruszczyński',1412,2),(95120139181,'Greta ','Skoczylas',716,1),(95122938337,'Jasiu','Lipka',1630,1),(96011355646,'Hubysława ','Bieńkowski',1622,2),(96022369421,'Janusz','Zagórski',430,1),(96060167544,'Gromisław ','Dobrzyński',916,2),(96070598734,'Gracjana ','Dudziak',516,1),(96080721755,'Hieronim ','Jackowski',1120,1),(96082943267,'Edyta','Frankowski',402,1),(97030837982,'Hipacy ','Malicki',122,2),(97032977866,'Faustyna ','Kwaśniewski',1008,1),(97050998454,'Ernestyna ','Kaleta',1504,2),(97060267517,'Izydor ','Zdunek',928,1),(97060956925,'Grześ','Czechowski',1116,2),(97072667217,'Jagoda ','Piechota',1528,2),(97091447616,'Iwo ','Kaniewski',1026,1),(97110187446,'Eryka ','Grzegorczyk',1904,1),(98033122163,'Gonsalwy ','Łapiński',2914,1),(98071944132,'Joachima ','Przybył',2530,2),(98081943545,'Hugo ','Niemczyk',124,1),(98102347497,'Jowita ','Robak',332,2),(99072084663,'Epifan ','Bogusz',704,2);
/*!40000 ALTER TABLE dostawca ENABLE KEYS */;

/*!40000 ALTER TABLE filia DISABLE KEYS */;
INSERT INTO filia VALUES (102,'bolesławiecki',2),(104,'aleksandrowski',4),(106,'bialski',6),(108,'gorzowski',8),(110,'bełchatowski',10),(112,'bocheński',12),(114,'białobrzeski',14),(116,'brzeski',16),(118,'bieszczadzki',18),(120,'augustowski',20),(122,'bytowski',22),(124,'będziński',24),(126,'buski',26),(128,'bartoszycki',28),(130,'chodzieski',30),(132,'białogardzki',32),(202,'dzierżoniowski',2),(204,'brodnicki',4),(206,'biłgorajski',6),(208,'krośnieński',8),(210,'kutnowski',10),(212,'brzeski',12),(214,'ciechanowski',14),(216,'głubczycki',16),(218,'brzozowski',18),(220,'białostocki',20),(222,'chojnicki',22),(224,'bielski',24),(226,'jędrzejowski',26),(228,'braniewski',28),(230,'czarnkowsko-trzciane',30),(232,'choszczeński',32),(302,'głogowski',2),(304,'bydgoski',4),(306,'chełmski',6),(308,'międzyrzecki',8),(310,'łaski',10),(312,'chrzanowski',12),(314,'garwoliński',14),(316,'kędzierzyńsko-koziel',16),(318,'dębicki',18),(320,'bielski',20),(322,'człuchowski',22),(324,'cieszyński',24),(326,'kazimierski',26),(328,'działdowski',28),(330,'gnieźnieński',30),(332,'drawski',32),(402,'górowski',2),(404,'chełmiński',4),(406,'hrubieszowski',6),(408,'nowosolski',8),(410,'łęczycki',10),(412,'dąbrowski',12),(414,'gostyniński',14),(416,'kluczborski',16),(418,'jarosławski',18),(420,'grajewski',20),(422,'gdański',22),(424,'częstochowski',24),(426,'kielecki',26),(428,'elbląski',28),(430,'gostyński',30),(432,'goleniowski',32),(502,'jaworski',2),(504,'golubsko-dobrzyński',4),(506,'janowski',6),(508,'słubicki',8),(510,'łowicki',10),(512,'gorlicki',12),(514,'grodziski',14),(516,'krapkowicki',16),(518,'jasielski',18),(520,'hajnowski',20),(522,'kartuski',22),(524,'gliwicki',24),(526,'konecki',26),(528,'ełcki',28),(530,'grodziski',30),(532,'gryficki',32),(602,'jeleniogórski',2),(604,'grudziądzki',4),(606,'krasnostawski',6),(608,'strzelecko-drezdenec',8),(610,'łódzki wschodni',10),(612,'krakowski',12),(614,'grójecki',14),(616,'namysłowski',16),(618,'kolbuszowski',18),(620,'kolneński',20),(622,'kościerski',22),(624,'kłobucki',24),(626,'opatowski',26),(628,'giżycki',28),(630,'jarociński',30),(632,'gryfiński',32),(702,'kamiennogórski',2),(704,'inowrocławski',4),(706,'kraśnicki',6),(708,'sulęciński',8),(710,'opoczyński',10),(712,'limanowski',12),(714,'kozienicki',14),(716,'nyski',16),(718,'krośnieński',18),(720,'łomżyński',20),(722,'kwidzyński',22),(724,'lubliniecki',24),(726,'ostrowiecki',26),(728,'iławski',28),(730,'kaliski',30),(732,'kamieński',32),(802,'kłodzki',2),(804,'lipnowski',4),(806,'lubartowski',6),(808,'świebodziński',8),(810,'pabianicki',10),(812,'miechowski',12),(814,'legionowski',14),(816,'oleski',16),(818,'leżajski',18),(820,'moniecki',20),(822,'lęborski',22),(824,'mikołowski',24),(826,'pińczowski',26),(828,'kętrzyński',28),(830,'kępiński',30),(832,'kołobrzeski',32),(902,'legnicki',2),(904,'mogileński',4),(906,'lubelski',6),(908,'zielonogórski',8),(910,'pajęczański',10),(912,'myślenicki',12),(914,'lipski',14),(916,'opolski',16),(918,'lubaczowski',18),(920,'sejneński',20),(922,'malborski',22),(924,'myszkowski',24),(926,'sandomierski',26),(928,'lidzbarski',28),(930,'kolski',30),(932,'koszaliński',32),(1002,'lubański',2),(1004,'nakielski',4),(1006,'łęczyński',6),(1008,'żagański',8),(1010,'piotrkowski',10),(1012,'nowosądecki',12),(1014,'łosicki',14),(1016,'prudnicki',16),(1018,'łańcucki',18),(1020,'siemiatycki',20),(1022,'nowodworski',22),(1024,'pszczyński',24),(1026,'skarżyski',26),(1028,'mrągowski',28),(1030,'koniński',30),(1032,'myśliborski',32),(1102,'lubiński',2),(1104,'radziejowski',4),(1106,'łukowski',6),(1108,'żarski',8),(1110,'poddębicki',10),(1112,'nowotarski',12),(1114,'makowski',14),(1116,'strzelecki',16),(1118,'mielecki',18),(1120,'sokólski',20),(1122,'pucki',22),(1124,'raciborski',24),(1126,'starachowicki',26),(1128,'nidzicki',28),(1130,'kościański',30),(1132,'policki',32),(1202,'lwówecki',2),(1204,'rypiński',4),(1206,'opolski',6),(1208,'wschowski',8),(1210,'radomszczański',10),(1212,'olkuski',12),(1214,'miński',14),(1218,'niżański',18),(1220,'suwalski',20),(1222,'słupski',22),(1224,'rybnicki',24),(1226,'staszowski',26),(1228,'nowomiejski',28),(1230,'krotoszyński',30),(1232,'pyrzycki',32),(1302,'milicki',2),(1304,'sępoleński',4),(1306,'parczewski',6),(1310,'rawski',10),(1312,'oświęcimski',12),(1314,'mławski',14),(1318,'przemyski',18),(1320,'wysokomazowiecki',20),(1322,'starogardzki',22),(1324,'tarnogórski',24),(1326,'włoszczowski',26),(1328,'olecki',28),(1330,'leszczyński',30),(1332,'sławieński',32),(1402,'oleśnicki',2),(1404,'świecki',4),(1406,'puławski',6),(1410,'sieradzki',10),(1412,'proszowicki',12),(1414,'nowodworski',14),(1418,'przeworski',18),(1420,'zambrowski',20),(1422,'tczewski',22),(1424,'bieruńsko-lędziński',24),(1428,'olsztyński',28),(1430,'międzychodzki',30),(1432,'stargardzki',32),(1502,'oławski',2),(1504,'toruński',4),(1506,'radzyński',6),(1510,'skierniewicki',10),(1512,'suski',12),(1514,'ostrołęcki',14),(1518,'ropczycko-sędziszows',18),(1522,'wejherowski',22),(1524,'wodzisławski',24),(1528,'ostródzki',28),(1530,'nowotomyski',30),(1532,'szczecinecki',32),(1602,'polkowicki',2),(1604,'tucholski',4),(1606,'rycki',6),(1610,'tomaszowski',10),(1612,'tarnowski',12),(1614,'ostrowski',14),(1618,'rzeszowski',18),(1622,'sztumski',22),(1624,'zawierciański',24),(1628,'piski',28),(1630,'obornicki',30),(1632,'świdwiński',32),(1702,'strzeliński',2),(1704,'wąbrzeski',4),(1706,'świdnicki',6),(1710,'wieluński',10),(1712,'tatrzański',12),(1714,'otwocki',14),(1718,'sanocki',18),(1724,'żywiecki',24),(1728,'szczycieński',28),(1730,'ostrowski',30),(1732,'wałecki',32),(1802,'średzki',2),(1804,'włocławski',4),(1806,'tomaszowski',6),(1810,'wieruszowski',10),(1812,'wadowicki',12),(1814,'piaseczyński',14),(1818,'stalowowolski',18),(1828,'gołdapski',28),(1830,'ostrzeszowski',30),(1832,'łobeski',32),(1902,'świdnicki',2),(1904,'żniński',4),(1906,'włodawski',6),(1910,'zduńskowolski',10),(1912,'wielicki',12),(1914,'płocki',14),(1918,'strzyżowski',18),(1928,'węgorzewski',28),(1930,'pilski',30),(2002,'trzebnicki',2),(2006,'zamojski',6),(2010,'zgierski',10),(2014,'płoński',14),(2018,'tarnobrzeski',18),(2030,'pleszewski',30),(2102,'wałbrzyski',2),(2110,'brzeziński',10),(2114,'pruszkowski',14),(2118,'leski',18),(2130,'poznański',30),(2202,'wołowski',2),(2214,'przasnyski',14),(2230,'rawicki',30),(2302,'wrocławski',2),(2314,'przysuski',14),(2330,'słupecki',30),(2402,'ząbkowicki',2),(2414,'pułtuski',14),(2430,'szamotulski',30),(2502,'zgorzelecki',2),(2514,'radomski',14),(2530,'średzki',30),(2602,'złotoryjski',2),(2614,'siedlecki',14),(2630,'śremski',30),(2714,'sierpecki',14),(2730,'turecki',30),(2814,'sochaczewski',14),(2830,'wągrowiecki',30),(2914,'sokołowski',14),(2930,'wolsztyński',30),(3014,'szydłowiecki',14),(3030,'wrzesiński',30),(3130,'złotowski',30),(3214,'warszawski zachodni',14),(3314,'węgrowski',14),(3414,'wołomiński',14),(3514,'wyszkowski',14),(3614,'zwoleński',14),(3714,'żuromiński',14),(3814,'żyrardowski',14);
/*!40000 ALTER TABLE filia ENABLE KEYS */;

/*!40000 ALTER TABLE klient DISABLE KEYS */;
INSERT INTO klient VALUES (40010924932,'Konstancjusz ','Szeląg','Gnieźnieńska 175',738095675,'kszelag@gmail.com',289),(40013181358,'Magnus ','Turowski','Konińska 456',726121266,'mturowski@gmail.com',12),(40020496733,'Miłobor ','Bugaj','Sanocka 22',550878480,'mbugaj@gmail.com',226),(40022456937,'Korneliusz ','Stachowicz','Gostynińska 167',798766901,'kstachowicz@gmail.com',309),(40081779385,'Kinga','Grześkowiak','Białostocka 102',545623145,'kgrzeskowiak@gmail.com',48),(40112878379,'Kryspina ','Kulig','Jarosławska 268',554112407,'kkulig@gmail.com',94),(40122251412,'Przemek','Biały','Wałbrzyska 324',536766233,'pbialy@gmail.com',211),(41011783849,'Maksymilian ','Figura','Strzelecka 74',763689680,'mfigura@gmail.com',299),(41012897484,'Manuela ','Piechocki','Policka 20',578423369,'mpiechocki@gmail.com',61),(41050253819,'Piotr','Bień','Płońska 250',741118650,'pbien@gmail.com',164),(41050576161,'Misiek','Ławniczak','Otwocka 249',670433404,'mlawniczak@gmail.com',110),(41060261224,'Radoslawa','Burda','Słupecka 154',627258168,'rburda@gmail.com',63),(41122638739,'Lilian ','Śledź','Lipnowska 310',504298449,'lsledz@gmail.com',67),(42031614698,'Martyn ','Olszak','Wysokomazowiecka 45',588892750,'molszak@gmail.com',68),(42061017371,'Machabeusz ','Czarnota','Prudnicka 149',509022302,'mczarnota@gmail.com',82),(42112231617,'Leopoldyna ','Wołoszyn','Opoczyńska 23',720628389,'lwoloszyn@gmail.com',171),(43071986327,'Magdalena','Antoniak','Skarżyska 198',612617053,'mantoniak@gmail.com',218),(43081758426,'Liberata ','Magiera','Lubliniecka 445',793433720,'lmagiera@gmail.com',71),(43082791444,'Lilianna','Kawka','Świebodzińska 477',784915163,'lkawka@gmail.com',281),(43091063433,'Luiza ','Jeziorski','Nowosądecka 365',547857912,'ljeziorski@gmail.com',192),(44011631372,'Laura ','Roszak','Ełcka 408',777563551,'lroszak@gmail.com',57),(44022247366,'Mikołaj ','Plichta','Rycka 310',544982656,'mplichta@gmail.com',280),(44050584354,'Pelagiusz','Młynarski','Zgierska 125',598624303,'pmlynarski@gmail.com',282),(44062974884,'Radzislawa','Kornacki','Pułtuska 46',595781141,'rkornacki@gmail.com',101),(44110716426,'Letycja ','Studziński','Krośnieńska 477',555143338,'lstudzinski@gmail.com',19),(45022338689,'Maksymian ','Wyrzykowski','Makowska 50',795034750,'mwyrzykowski@gmail.com',195),(45042139381,'Ludomiła ','Lewiński','Lubańska 189',788940393,'llewinski@gmail.com',216),(45070999595,'Masław ','Czapliński','Puławska 263',629473701,'mczaplinski@gmail.com',183),(45120677174,'Mścibor ','Ćwikliński','Gołdapska 35',511250051,'mcwiklinski@gmail.com',308),(45121671122,'Kamelia ','Grzesik','Brzeska 443',674925433,'kgrzesik@gmail.com',82),(45122054928,'Marianna ','Goliński','Krotoszyńska 255',660506313,'mgolinski@gmail.com',48),(45123111455,'Mirella ','Kazimierczak','Piska 100',562375382,'mkazimierczak@gmail.com',140),(46022352495,'Marcela ','Kokot','Lwówecka 91',597558935,'mkokot@gmail.com',27),(46022575146,'Maura ','Konarski','Bieruńsko-lędzińska 490',636512858,'mkonarski@gmail.com',106),(46032494152,'Klementyna ','Surma','Międzyrzecka 274',605413662,'ksurma@gmail.com',38),(46101413387,'Miłowuj ','Kupiec','Wałecka 147',569191044,'mkupiec@gmail.com',86),(47011312285,'Karol ','Niedziela','Buska 207',559630960,'kniedziela@gmail.com',238),(47022286993,'Ludgarda ','Żuchowski','Malborska 211',570352230,'lzuchowski@gmail.com',286),(47031975822,'Marcin ','Biliński','Olkuska 174',679097096,'mbilinski@gmail.com',298),(47032282631,'Maria ','Bogacz','Staszowska 16',618351834,'mbogacz@gmail.com',276),(47052997777,'Kasper ','Piotrowicz','Kutnowska 443',795720989,'kpiotrowicz@gmail.com',86),(47073112698,'Miestwin ','Iwanowski','Polkowicka 340',526069904,'miwanowski@gmail.com',125),(47081231686,'Radek','Napiórkowski','Wołowska 449',792888639,'rnapiorkowski@gmail.com',60),(47091462681,'Laurentyn ','Skorupa','Gryficka 374',727273721,'lskorupa@gmail.com',172),(48010254921,'Ludmar ','Paszkiewicz','Myszkowska 423',647651502,'lpaszkiewicz@gmail.com',292),(48050672385,'Remigiusz','Lemański','Sochaczewska 85',543458650,'rlemanski@gmail.com',69),(48080857442,'Karolina ','Gadomski','Chodzieska 384',674930664,'kgadomski@gmail.com',194),(48082683939,'Protazy','Błoński','Pleszewska 163',520699316,'pblonski@gmail.com',117),(48121988483,'Liwia ','Rożek','Legionowska 148',700970824,'lrozek@gmail.com',146),(49010353412,'Konstantyn ','Nowiński','Chełmińska 50',511077401,'knowinski@gmail.com',278),(49081669876,'Klemens ','Chudzik','Głogowska 116',678639012,'kchudzik@gmail.com',89),(50013153787,'Marcjan ','Doliński','Niżańska 494',614978296,'mdolinski@gmail.com',300),(50042444124,'Konkordia ','Wolny','Kędzierzyńsko-koziea 396',522443508,'kwolny@gmail.com',1),(50042598854,'Maciek','Karcz','Siemiatycka 485',667166358,'mkarcz@gmail.com',277),(50052653381,'Maryna ','Kochański','Leszczyńska 216',514506144,'mkochanski@gmail.com',298),(50061998367,'Leontyna ','Wrzesiński','Kraśnicka 160',697240669,'lwrzesinski@gmail.com',104),(50062438936,'Kleopatra ','Wojtkowiak','Chrzanowska 146',584725646,'kwojtkowiak@gmail.com',169),(50071116915,'Mironieg ','Majkowski','Świdwińska 85',677511443,'mmajkowski@gmail.com',142),(50080428715,'Magda ','Grabarczyk','Pszczyńska 302',560501112,'mgrabarczyk@gmail.com',63),(50100556417,'Kleofas ','Kawecki','Łaska 269',600386175,'kkawecki@gmail.com',19),(50102932666,'Ramona','Słomka','Siedlecka 193',541750806,'rslomka@gmail.com',170),(51060728735,'Ludwika ','Korzeniewski','Żagańska 411',645401016,'lkorzeniewski@gmail.com',303),(51092574115,'Marek ','Szymanek','Rybnicka 377',790785080,'mszymanek@gmail.com',185),(51112447315,'Malwina ','Szot','Starachowicka 388',536424206,'mszot@gmail.com',88),(51120137611,'Przemysl','Szeliga','Brzezińska 496',782417588,'pszeliga@gmail.com',231),(51120331534,'Miron ','Kruczek','Obornicka 298',692020578,'mkruczek@gmail.com',132),(52051716582,'Kajetan','Woliński','Aleksandrowska 422',735433066,'kwolinski@gmail.com',125),(52062245363,'Ludwik','Piwowarski','Łęczyńska 135',620644841,'lpiwowarski@gmail.com',65),(52072948922,'Metody ','Nadolski','Ropczycko-sędziszowa 493',532892579,'mnadolski@gmail.com',187),(52090449373,'Kubuś','Grudzień','Gliwicka 485',757875275,'kgrudzien@gmail.com',123),(53042938381,'Marzanna ','Perkowski','Oleśnicka 420',700709801,'mperkowski@gmail.com',260),(53050174126,'Monika ','Wrzosek','Wadowicka 454',535169764,'mwrzosek@gmail.com',273),(53052029189,'Malkolm ','Gola','Pucka 262',555460114,'mgola@gmail.com',112),(53080963978,'Madzia ','Suchecki','Nowodworska 368',508424903,'msuchecki@gmail.com',295),(54010436878,'Lubgost ','Sobota','Kętrzyńska 348',628873536,'lsobota@gmail.com',21),(54030313966,'Mira ','Gliński','Rzeszowska 26',728694389,'mglinski@gmail.com',207),(54042346523,'Liza ','Świątkowski','Leżajska 453',767557845,'lswiatkowski@gmail.com',234),(54071814583,'Ksawera ','Porębski','Gorlicka 239',760534600,'kporebski@gmail.com',286),(54083053549,'Martynian ','Kolasiński','Tarnogórska 288',561814953,'mkolasinski@gmail.com',97),(54120913571,'Maur ','Reszka','Tczewska 206',542814781,'mreszka@gmail.com',152),(55021055421,'Kuba','Wyszyński','Kartuska 355',767389632,'kwyszynski@gmail.com',104),(55032033812,'Ksaweryna ','Herman','Krapkowicka 479',558031506,'kherman@gmail.com',31),(55061029994,'Kornel ','Wojtasik','Łęczycka 42',715117556,'kwojtasik@gmail.com',107),(55082648817,'Leokadia ','Drożdż','Kolbuszowska 203',578701763,'ldrozdz@gmail.com',31),(55092296875,'Manswet ','Biskup','Kościańska 331',717641152,'mbiskup@gmail.com',202),(55102877388,'Karmen ','Korzeniowski','Będzińska 238',602663526,'kkorzeniowski@gmail.com',91),(55110152596,'Melchior ','Kusiak','Skierniewicka 322',546506048,'mkusiak@gmail.com',266),(56010485883,'Rajmund','Dworak','Radomska 290',503439819,'rdworak@gmail.com',101),(56041591331,'Leokadiusz ','Sojka','Kolneńska 350',560875504,'lsojka@gmail.com',289),(56052421197,'Marcelina ','Cichosz','Radomszczańska 144',754338360,'mcichosz@gmail.com',119),(56060183168,'Martyna ','Lange','Starogardzka 94',587023984,'mlange@gmail.com',280),(56110721755,'Michalina ','Jaroszewski','Wodzisławska 337',741266097,'mjaroszewski@gmail.com',1),(56121953347,'Mścisław ','Frankiewicz','Łobeska 254',528642594,'mfrankiewicz@gmail.com',301),(57032213265,'Leontyn ','Wojda','Inowrocławska 36',791432499,'lwojda@gmail.com',204),(57041867299,'Marina ','Grodzki','Sępoleńska 411',633173284,'mgrodzki@gmail.com',238),(57081395189,'Laurentyna ','Malik','Jeleniogórska 232',700895628,'lmalik@gmail.com',303),(57082638993,'Kalasanty ','Rudziński','Gorzowska 159',530554500,'krudzinski@gmail.com',176),(57101063618,'Przymyslaw','Szweda','Leska 225',732268398,'pszweda@gmail.com',164),(57112232162,'Leon ','Ratajczyk','Kościerska 491',545093207,'lratajczyk@gmail.com',255),(58011537958,'Patryk','Gajek','Płocka 131',544289552,'pgajek@gmail.com',301),(58061384517,'Leonida ','Śmigielski','Kamiennogórska 80',656198508,'lsmigielski@gmail.com',40),(58071147232,'Marcjusz ','Krauze','Słupska 152',790535373,'mkrauze@gmail.com',293),(58082699869,'Krzysztofa ','Lesiak','Słubicka 49',595877358,'klesiak@gmail.com',96),(59012918292,'Lechosław ','Łukaszewicz','Łódzki wschodna 205',536167860,'llukaszewicz@gmail.com',119),(59062396181,'Lucja ','Mielcarek','Zielonogórska 25',547200515,'lmielcarek@gmail.com',201),(59062472225,'Konrad ','Maślanka','Bielska 33',761559142,'kmaslanka@gmail.com',51),(60031436825,'Maja','Kozakiewicz','Myśliborska 459',642163121,'mkozakiewicz@gmail.com',196),(60040915184,'Klara ','Chmura','Chojnicka 151',514434841,'kchmura@gmail.com',107),(60070922842,'Karina ','Wojtas','Bytowska 288',624201913,'kwojtas@gmail.com',108),(60082267924,'Klement ','Duszyński','Bydgoska 314',587065062,'kduszynski@gmail.com',179),(60082299772,'Mariola ','Jakubczyk','Parczewska 227',798912854,'mjakubczyk@gmail.com',196),(60090336962,'Marcelian ','Kapuściński','Opolska 222',748656594,'mkapuscinski@gmail.com',256),(60091889834,'Klaudiusz ','Golec','Braniewska 231',663196303,'kgolec@gmail.com',106),(61010391971,'Maurycy ','Kępka','Olsztyńska 156',665030031,'mkepka@gmail.com',257),(61030213882,'Kordian ','Rudzki','Hrubieszowska 158',775496981,'krudzki@gmail.com',204),(61041136242,'Laurka','Krasowski','Grudziądzka 401',535260291,'lkrasowski@gmail.com',59),(61050386847,'Kalinka','Stachurski','Bocheńska 495',568208179,'kstachurski@gmail.com',53),(61090663966,'Kunegunda ','Bielski','Konecka 188',710502443,'kbielski@gmail.com',121),(62031526342,'Paulin','Podsiadło','Węgorzewska 219',679631594,'ppodsiadlo@gmail.com',216),(62081497687,'Karol Boromeusz ','Gwóźdź','Bartoszycka 94',698562076,'kgwozdz@gmail.com',236),(62092521397,'Leona ','Salamon','Kłobucka 298',663818443,'lsalamon@gmail.com',298),(63021494654,'Lechosława ','Dymek','Krakowska 264',651824211,'ldymek@gmail.com',298),(63030349185,'Makary ','Gut','Łukowska 142',664214342,'mgut@gmail.com',278),(63040769722,'Kordula ','Kuliński','Nowosolska 242',640669194,'kkulinski@gmail.com',282),(63040855432,'Ludomił ','Jurczak','Koszalińska 381',715507649,'ljurczak@gmail.com',97),(63053078228,'Mściwoj ','Piskorz','Żnińska 29',664670830,'mpiskorz@gmail.com',180),(63061684772,'Kasia','Szymkowiak','Dzierżoniowska 121',639078067,'kszymkowiak@gmail.com',187),(63081944728,'Klotylda ','Bartnik','Garwolińska 417',667625443,'kbartnik@gmail.com',93),(63101398126,'Liberat ','Sęk','Kwidzyńska 36',622261751,'lsek@gmail.com',259),(64010816282,'Maciej ','Werner','Łańcucka 107',583884600,'mwerner@gmail.com',240),(64082457183,'Kajmir ','Maciąg','Bialska 313',782340585,'kmaciag@gmail.com',261),(65070691631,'Linda','Dolata','Miechowska 62',638110900,'ldolata@gmail.com',294),(65081859495,'Ludomir ','Górna','Lidzbarska 222',522242893,'lgorna@gmail.com',13),(65111945941,'Lech','Krakowski','Strzelecko-drezdenea 225',679318708,'lkrakowski@gmail.com',202),(65112277928,'Krzysław ','Kmieć','Łowicka 282',771865285,'kkmiec@gmail.com',264),(65112625332,'Katarzyna ','Prus','Brzeska 201',556677093,'kprus@gmail.com',234),(65120189189,'Miranda ','Knap','Zawierciańska 339',777704093,'mknap@gmail.com',187),(66022165921,'Kaja ','Żyła','Bolesławiecka 459',753789083,'kzyla@gmail.com',150),(66030548431,'Klaudia ','Kostecki','Bielska 277',722962876,'kkostecki@gmail.com',19),(66082897385,'Morzysław ','Kołodziejczak','Piaseczyńska 495',601597034,'mkolodziejczak@gmail.com',229),(67032132675,'Lubomirz ','Warzecha','Legnicka 292',600509100,'lwarzecha@gmail.com',290),(67052071725,'Mirosław ','Olech','Wąbrzeska 487',616019622,'molech@gmail.com',4),(67072813574,'Kazimierz ','Kuciński','Brzozowska 18',523533972,'kkucinski@gmail.com',91),(67091586853,'Leonard ','Trela','Opatowska 47',687959337,'ltrela@gmail.com',268),(67101261749,'Paula','Włoch','Strzyżowska 172',753443113,'pwloch@gmail.com',61),(67101491261,'Lew ','Ciołek','Łomżyńska 368',651389142,'lciolek@gmail.com',100),(67120882567,'Libert ','Ambroziak','Iławska 326',567756552,'lambroziak@gmail.com',55),(68021694554,'Lubomira ','Roman','Kołobrzeska 428',505741328,'lroman@gmail.com',166),(68030943414,'Maks','Brodowski','Żarska 392',577866802,'mbrodowski@gmail.com',298),(68031886749,'Przemyslawa','Kostka','Pruszkowska 421',500719285,'pkostka@gmail.com',155),(68060146131,'Leoncjusz ','Rudnik','Giżycka 194',613649551,'lrudnik@gmail.com',230),(68070595318,'Misia','Puchała','Tatrzańska 236',603103494,'mpuchala@gmail.com',96),(68072784767,'Raisa','Guz','Zgorzelecka 107',755970435,'rguz@gmail.com',198),(68091697431,'Krystian ','Adamiec','Grajewska 476',756966904,'kadamiec@gmail.com',136),(69020267176,'Klementyn ','Niedźwiecki','Chełmska 485',541952123,'kniedzwiecki@gmail.com',250),(69051949111,'Ksymena ','Kawa','Hajnowska 15',638270216,'kkawa@gmail.com',69),(69111226327,'Radmir','Surowiec','Przasnyska 9',655696092,'rsurowiec@gmail.com',171),(69112085145,'Lucjola ','Makuch','Lipska 242',688420002,'lmakuch@gmail.com',217),(69120137654,'Ludosław ','Roszkowski','Nakielska 272',696525437,'lroszkowski@gmail.com',204),(70101545212,'Konstanty ','Stawicki','Górowska 13',533729466,'kstawicki@gmail.com',154),(71020689878,'Miłowit ','Franczak','Ostrowska 109',643814196,'mfranczak@gmail.com',235),(71020863733,'Krzysiek','Kuźma','Golubsko-dobrzyńska 37',661011296,'kkuzma@gmail.com',146),(71031031378,'Minogniew ','Borys','Ostrowska 373',543931331,'mborys@gmail.com',157),(71041773648,'Leonid ','Tomasik','Gryfińska 420',796461062,'ltomasik@gmail.com',134),(71060181725,'Lesław ','Dutkiewicz','Kozienicka 446',719365456,'ldutkiewicz@gmail.com',309),(71062355739,'Kalista ','Furman','Białobrzeska 79',585206822,'kfurman@gmail.com',298),(71071569671,'Marlena ','Tokarz','Mławska 339',521058482,'mtokarz@gmail.com',102),(71112517175,'Konrada ','Szczęsna','Człuchowska 98',645689339,'kszczesna@gmail.com',266),(72030443478,'Kalina','Flak','Bełchatowska 241',721164740,'kflak@gmail.com',76),(73011397948,'Krzesław ','Lenart','Gostyńska 275',640495015,'klenart@gmail.com',218),(73041738713,'Mariusz ','Wach','Oświęcimska 87',517368915,'mwach@gmail.com',242),(73080617981,'Lucyna ','Rusek','Sejneńska 386',636315831,'lrusek@gmail.com',301),(73090944743,'Kazimiera ','Pietruszka','Głubczycka 400',745818337,'kpietruszka@gmail.com',220),(74021978257,'Maksymin ','Siwiec','Mielecka 63',729236643,'msiwiec@gmail.com',141),(74051975752,'Krzysztof ','Pilch','Janowska 357',551789773,'kpilch@gmail.com',228),(74060182789,'Regina','Pastuszka','Sierpecka 221',706142411,'rpastuszka@gmail.com',37),(74060774636,'Pamelka','Przybyszewski','Wielicka 343',766285984,'pprzybyszewski@gmail.com',121),(74112424278,'Kamila ','Zabłocki','Augustowska 122',653092223,'kzablocki@gmail.com',258),(74120673941,'Mieczysława ','Janczak','Szczecinecka 456',750230814,'mjanczak@gmail.com',137),(74121858899,'Krystyna ','Kos','Kielecka 374',585117577,'kkos@gmail.com',56),(75032514216,'Ludmiła ','Juszczyk','Sandomierska 83',512610412,'ljuszczyk@gmail.com',225),(75042398884,'Matron ','Paradowski','Przeworska 246',763426100,'mparadowski@gmail.com',289),(75061469558,'Rebeka','Wydra','Śremska 143',741667671,'rwydra@gmail.com',54),(75061839571,'Racibor','Pierzchała','Poznańska 144',762051686,'rpierzchala@gmail.com',159),(75070118997,'Leandra ','Gorczyca','Krasnostawska 288',596641826,'lgorczyca@gmail.com',278),(75111318812,'Milena ','Potocki','Tomaszowska 3',605869516,'mpotocki@gmail.com',236),(76022592856,'Mati','Kaźmierski','Proszowicka 322',522715049,'mkazmierski@gmail.com',141),(76043086624,'Lubomir ','Paprocki','Kępińska 17',791066579,'lpaprocki@gmail.com',237),(76080561175,'Mirabella ','Domagalski','Sztumska 1',509405651,'mdomagalski@gmail.com',49),(76122073354,'Leszek','Banaszek','Limanowska 251',764704143,'lbanaszek@gmail.com',285),(76122211761,'Lukrecja ','Pogorzelski','Łosicka 288',512514818,'lpogorzelski@gmail.com',153),(77011747284,'Marcjal ','Sekuła','Mińska 471',760632492,'msekula@gmail.com',163),(77032222173,'Maja ','Staszak','Lubińska 343',667776010,'mstaszak@gmail.com',234),(77061612714,'Ksenia','Kujawski','Jasielska 456',577564005,'kkujawski@gmail.com',177),(77081072934,'Klaudian ','Jarząbek','Jędrzejowska 34',547289918,'kjarzabek@gmail.com',185),(77110581563,'Lilla','Bury','Pabianicka 306',612885248,'lbury@gmail.com',16),(77112324975,'Małomir ','Karolak','Toruńska 181',775889651,'mkarolak@gmail.com',162),(78030838883,'Mścigniew ','Nalepa','Ostrzeszowska 390',789154918,'mnalepa@gmail.com',151),(78100683926,'Modest ','Bojarski','Średzka 333',652300755,'mbojarski@gmail.com',172),(79021729827,'Kryspin ','Kalisz','Kluczborska 460',695260228,'kkalisz@gmail.com',157),(79042578514,'Monia','Gołąbek','Wieruszowska 473',678221651,'mgolabek@gmail.com',44),(79050352276,'Konstancja ','Tracz','Działdowska 70',724004653,'ktracz@gmail.com',100),(79070833698,'Radoslaw','Daniel','Przysuska 256',554315076,'rdaniel@gmail.com',117),(79082575492,'Kasjana ','Ossowski','Biłgorajska 211',765014746,'kossowski@gmail.com',49),(79092497395,'Krystyn ','Jóźwik','Częstochowska 273',567321234,'kjozwik@gmail.com',153),(79100496161,'Rajnold','Sobczyński','Złotoryjska 418',525866568,'rsobczynski@gmail.com',292),(79120963128,'Magdalena ','Kruszyński','Mrągowska 167',675834765,'mkruszynski@gmail.com',294),(80030573325,'Miłochna ','Szarek','Żywiecka 38',568577011,'mszarek@gmail.com',288),(80031726173,'Longin ','Jurczyk','Lęborska 356',614406032,'ljurczyk@gmail.com',244),(80032535569,'Krzesława ','Kosowski','Goleniowska 29',562800911,'kkosowski@gmail.com',275),(80052252341,'Max','Osuch','Stargardzka 182',768654700,'mosuch@gmail.com',123),(80062226828,'Menodora ','Hoffmann','Suska 378',573244299,'mhoffmann@gmail.com',300),(80121883214,'Marcelin ','Banaszak','Wschowska 290',635850824,'mbanaszak@gmail.com',167),(81031158735,'Mieszko ','Polański','Tucholska 363',629360870,'mpolanski@gmail.com',309),(81090271776,'Liwiusz ','Pełka','Oleska 156',548672120,'lpelka@gmail.com',276),(81110126767,'Majka','Kwiatek','Radziejowska 18',783677076,'mkwiatek@gmail.com',196),(82011669791,'Lucjan ','Piętka','Pajęczańska 361',707805036,'lpietka@gmail.com',94),(82012213333,'Krzyś','Grudziński','Jaworska 373',530707942,'kgrudzinski@gmail.com',87),(82042793571,'Miruś','Oleksy','Wieluńska 374',754735059,'moleksy@gmail.com',2),(82061443363,'Ksawery ','Szwarc','Grodziska 475',502405815,'kszwarc@gmail.com',62),(82072694516,'Marietta ','Szymanowski','Pyrzycka 73',582853722,'mszymanowski@gmail.com',297),(82100515125,'Ludomira ','Królak','Kolska 493',738950816,'lkrolak@gmail.com',10),(83052069959,'Mścisława ','Stachowski','Świdnicka 249',684225255,'mstachowski@gmail.com',183),(83070229863,'Michal','Piech','Wejherowska 321',626617065,'mpiech@gmail.com',60),(83072821674,'Lidka','Ślęzak','Kamieńska 413',569949381,'lslezak@gmail.com',218),(83081441698,'Modesta ','Szymaniak','Włocławska 103',615902685,'mszymaniak@gmail.com',100),(84090652428,'Konradyna ','Majka','Kazimierska 144',710454707,'kmajka@gmail.com',204),(84090941814,'Pawel','Sarnowski','Trzebnicka 290',555066184,'psarnowski@gmail.com',57),(84121354998,'Metoda ','Barszcz','Ostrołęcka 22',603881102,'mbarszcz@gmail.com',190),(85020329517,'Malina ','Rzepecki','Sokólska 475',619310612,'mrzepecki@gmail.com',45),(85032686154,'Konradyn ','Wiącek','Cieszyńska 385',593050830,'kwiacek@gmail.com',77),(85053011355,'Lucjusz ','Kosmala','Opolska 282',723885686,'lkosmala@gmail.com',14),(85071657854,'Miłosz ','Lachowicz','Szczycieńska 446',712442412,'mlachowicz@gmail.com',273),(85082444199,'Kamil ','Mackiewicz','Bieszczadzka 276',793450980,'kmackiewicz@gmail.com',74),(86062846262,'Pelagia','Plewa','Zamojska 175',561067634,'pplewa@gmail.com',306),(86100178249,'Mironiega ','Zarębski','Strzelińska 241',516360351,'mzarebski@gmail.com',260),(86101958897,'Piotrek','Czapski','Tarnobrzeska 99',626636279,'pczapski@gmail.com',163),(86110246628,'Marzena ','Kaliński','Świecka 64',546857973,'mkalinski@gmail.com',126),(86121695392,'Pamela','Ludwiczak','Zduńskowolska 84',720688508,'pludwiczak@gmail.com',56),(87011642113,'Rajmunda','Kozicki','Średzka 285',763984265,'rkozicki@gmail.com',219),(87032375924,'Konstans ','Kogut','Drawska 110',599528902,'kkogut@gmail.com',2),(87041677622,'Radomila','Cyran','Wrocławska 68',711775867,'rcyran@gmail.com',40),(88013199368,'Leonia ','Adamczewski','Jarocińska 259',617062480,'ladamczewski@gmail.com',127),(88052759813,'Małgorzata ','Kurzawa','Oławska 133',545369576,'mkurzawa@gmail.com',303),(88080798895,'Liliana','Filip','Lubartowska 11',640012160,'lfilip@gmail.com',85),(88082295482,'Loreta ','Woźnica','Pińczowska 473',771067288,'lwoznica@gmail.com',214),(88090162615,'Radzislaw','Wiszniewski','Ząbkowicka 365',514146890,'rwiszniewski@gmail.com',15),(88092727489,'Maryn ','Bartoszek','Olecka 314',674929160,'mbartoszek@gmail.com',12),(89041388322,'Lolita ','Korczak','Moniecka 20',790480842,'lkorczak@gmail.com',228),(89071371493,'Morzysława ','Kempa','Stalowowolska 312',778179618,'mkempa@gmail.com',242),(89111585248,'Mati','Łoś','Nowodworska 6',713459149,'mlos@gmail.com',165),(89122596839,'Manomir ','Ferenc','Nidzicka 17',597513678,'mferenc@gmail.com',166),(90011886649,'Ludwina ','Rybka','Piotrkowska 181',774671060,'lrybka@gmail.com',156),(90050347754,'Marceli ','Raczkowski','Rypińska 221',787284342,'mraczkowski@gmail.com',146),(90080132151,'Lucylla ','Kozik','Lubaczowska 488',723515361,'lkozik@gmail.com',252),(90081745967,'Konkordiusz ','Szczerba','Dębicka 391',769594167,'kszczerba@gmail.com',48),(90082137772,'Maksym ','Bogdański','Nowotarska 89',742188549,'mbogdanski@gmail.com',159),(90112035779,'Ligia ','Olczyk','Kłodzka 381',718661640,'lolczyk@gmail.com',114),(90120347822,'Renat','Frydrych','Wągrowiecka 327',684802666,'rfrydrych@gmail.com',38),(90123023835,'Krystiana ','Krukowski','Gdańska 296',696317839,'kkrukowski@gmail.com',158),(91012444841,'Marcjanna ','Szopa','Suwalska 307',561186861,'mszopa@gmail.com',58),(91032393116,'Kasjan ','Budziński','Brodnicka 288',527751526,'kbudzinski@gmail.com',233),(91062615781,'Mściwuj ','Kozera','Włodawska 105',599585005,'mkozera@gmail.com',11),(91111739336,'Rafal','Skorupski','Szamotulska 324',580525759,'rskorupski@gmail.com',127),(92031934737,'Remig','Klimas','Turecka 257',566366291,'rklimas@gmail.com',178),(92071915118,'Lenart ','Sobański','Namysłowska 439',753158000,'lsobanski@gmail.com',185),(92072896726,'Lucjol ','Kraszewski','Myślenicka 207',549989443,'lkraszewski@gmail.com',188),(92081881348,'Radomil','Kulpa','Rawicka 79',547694623,'rkulpa@gmail.com',102),(92122536756,'Luboradz ','Szuba','Mogileńska 306',585712665,'lszuba@gmail.com',187),(93040369165,'Marian ','Czuba','Nowomiejska 103',616950067,'mczuba@gmail.com',106),(93050876819,'Mateusz ','Rokicki','Sieradzka 306',592731306,'mrokicki@gmail.com',225),(93052057694,'Mieczysław ','Niezgoda','Nowotomyska 449',696014655,'mniezgoda@gmail.com',181),(93062078173,'Melania ','Romański','Radzyńska 403',646194077,'mromanski@gmail.com',7),(93072631856,'Maks','Dobrzański','Poddębicka 484',795557396,'mdobrzanski@gmail.com',9),(93110952174,'Mirosława ','Solecki','Świdnicka 451',639840804,'msolecki@gmail.com',198),(93121797771,'Kaśka','Warchoł','Krośnieńska 64',551888983,'kwarchol@gmail.com',152),(94013027895,'Miecisław ','Waszkiewicz','Ostródzka 295',782627485,'mwaszkiewicz@gmail.com',297),(94040784376,'Lena ','Dziura','Grójecka 108',569405140,'ldziura@gmail.com',162),(94090969398,'Max','Grzybek','Międzychodzka 218',716555813,'mgrzybek@gmail.com',96),(95013163453,'Leopold ','Dzikowski','Sulęcińska 336',610576574,'ldzikowski@gmail.com',261),(95051061245,'Matylda ','Lorenc','Zambrowska 480',510691487,'mlorenc@gmail.com',96),(95102272165,'Maryla ','Filipczak','Włoszczowska 458',695549155,'mfilipczak@gmail.com',163),(96031715958,'Kasandra ','Błaszczak','Białogardzka 163',733277569,'kblaszczak@gmail.com',288),(96052072788,'Paulina','Stokłosa','Pilska 315',527563984,'pstoklosa@gmail.com',180),(96070941921,'Marta ','Tkacz','Przemyska 203',515718391,'mtkacz@gmail.com',16),(96072278483,'Liberiusz ','Moskal','Ostrowiecka 92',573630831,'lmoskal@gmail.com',213),(97020799496,'Marika ','Stępniewski','Milicka 449',694627791,'mstepniewski@gmail.com',174),(97021569621,'Kazik','Kasperek','Ciechanowska 73',649701242,'kkasperek@gmail.com',19),(97060663375,'Longina ','Litwin','Mikołowska 370',609500371,'llitwin@gmail.com',191),(97072624366,'Lesława ','Kopacz','Nyska 363',702225127,'lkopacz@gmail.com',62),(97073084279,'Klemencja ','Radecki','Choszczeńska 480',603853942,'kradecki@gmail.com',269),(98040926198,'Laurenty ','Bieliński','Grodziska 62',521518614,'lbielinski@gmail.com',312),(98042672486,'Marysia','Białecki','Sławieńska 297',537404690,'mbialecki@gmail.com',265),(98050832788,'Lucek','Rogoziński','Lubelska 60',743268025,'lrogozinski@gmail.com',219),(98060553426,'Lidia ','Bobrowski','Kaliska 97',632492197,'lbobrowski@gmail.com',198),(98111026316,'Marita ','Wojtowicz','Rawska 59',717350193,'mwojtowicz@gmail.com',85),(98123031481,'Kornelia ','Izdebski','Dąbrowska 273',711336755,'kizdebski@gmail.com',280),(98123184998,'Krzesimir ','Miller','Elbląska 18',691733364,'kmiller@gmail.com',30),(99022846329,'Mojżesz ','Kukla','Tomaszowska 216',560094920,'mkukla@gmail.com',223),(99060281757,'Malwin ','Figiel','Raciborska 112',515423085,'mfigiel@gmail.com',185),(99081218693,'Minigniew ','Jaskulski','Tarnowska 344',555030097,'mjaskulski@gmail.com',270),(99111552511,'Klaudyna ','Jaros','Czarnkowsko-trzciana 28',578876920,'kjaros@gmail.com',47);
/*!40000 ALTER TABLE klient ENABLE KEYS */;

/*!40000 ALTER TABLE kurier DISABLE KEYS */;
INSERT INTO kurier VALUES (40042233851,'Bernadeta','Wesołowski',18,2),(40061633784,'Barabasz','Sobczak',30,1),(40080546885,'Drogosław ','Mielczarek',28,2),(40120472187,'Dominika ','Rak',10,1),(41012285845,'Asia','Kalinowski',8,2),(41031076866,'Blanka','Mucha',10,1),(41121665866,'Bonifacy','Kruk',2,1),(41123162361,'Bożeciech','Zięba',6,1),(42022169165,'Borzysława ','Polak',18,2),(42022391412,'Ciesław ','Bednarski',22,2),(42061669363,'Adolf','Woźniak',6,2),(42100522525,'Cezar','Marcinkowski',2,2),(43011914892,'Delfin','Piekarski',12,1),(43012758985,'Apollo','Pietrzak',28,2),(43052967794,'Apolonia','Zalewski',18,2),(43070555948,'Agata','Kwiatkowski',16,2),(43081971771,'Beniamin','Chojnacki',30,2),(43120828491,'Dziebor ','Bartczak',12,2),(43121422564,'Cezary','Skiba',8,2),(43122739335,'Darek','Rybak',10,2),(44030815773,'Dalewuja','Białek',14,2),(44032216923,'Dominik ','Godlewski',32,2),(44041485592,'Dalbor','Kaczor',24,2),(44042919162,'Apoloniusz','Jakubowski',14,1),(44051262682,'Dziadumiła ','Kaczyński',6,2),(44053122216,'Alfred','Jabłoński',12,1),(44070555815,'Ariadna','Zawadzki',4,2),(44081477151,'Dalibor ','Sroka',10,2),(44081479726,'Diogenes ','Bednarz',10,1),(44090339323,'Bolemir','Stasiak',18,2),(45123137815,'Bartłomieja','Kołodziej',32,2),(46031415969,'Angela','Michalak',8,2),(46032047855,'Arnulf','Borkowski',2,2),(46032434369,'Bohdan','Łuczak',24,1),(46040396198,'Bogusława','Kurek',12,1),(46052068731,'Bazyliusz','Szymczak',12,2),(46100353529,'Adam','Kamiński',26,2),(46112782586,'Domicjan ','Bieniek',2,2),(46120819278,'Ala','Król',30,1),(47013019968,'Berta','Lipiński',10,1),(47031521559,'Dalemir ','Świderski',18,2),(47061328869,'Cezaria','Kowal',32,1),(47072941532,'Alek','Zając',28,2),(47080156155,'Adelajda','Zieliński',12,2),(47080723193,'Dalewin','Gołębiowski',20,2),(47122218522,'Cyprian ','Jędrzejewski',34,1),(48020417439,'Aniela','Ostrowski',26,1),(48113017331,'Alfons','Wieczorek',30,1),(48122779776,'Biezuj','Kozak',34,2),(49073113778,'Bożydar','Stefański',24,2),(49081426532,'Domosław ','Maćkowiak',16,1),(49102963233,'Chrystian','Kurowski',10,2),(50043085791,'Bohusz','Kot',4,1),(50052725541,'Aneta','Nowakowski',26,1),(50060914391,'Apollonia','Marciniak',30,1),(50093015238,'Dobrutro ','Graczyk',6,2),(50101839872,'Dalewuj','Paluch',18,2),(50102665674,'Baltazar','Wasilewski',4,2),(50122868925,'Brygida','Gajda',2,1),(51041763159,'Benedykta','Błaszczyk',6,1),(51090758553,'Cecylia ','Kasprzak',32,1),(52020282834,'Ben','Borowski',20,1),(52020544941,'Aleksy','Dudek',26,1),(52022434758,'Bartek','Matuszewski',30,1),(52052741271,'Celina','Marek',28,1),(53012478521,'Czcirad ','Kwiecień',30,2),(53020219691,'Dagobert','Michałowski',22,1),(53021277511,'August','Sokołowski',10,2),(53042162234,'Borzysław','Jastrzębski',30,2),(53080288697,'Dobrosław ','Góra',24,2),(53090375248,'Daniel ','Małek',18,2),(53100798478,'Domorad ','Kulik',16,2),(53100888328,'Bogudar','Markiewicz',26,1),(54012834827,'Charyzjusz','Matusiak',30,2),(54021189929,'Dagmara ','Zych',30,2),(54021899648,'Ania','Baran',14,1),(54042596195,'Dacjan ','Konieczny',22,1),(54050549998,'Beatka','Ziółkowski',34,1),(54111088442,'Dobrowoj ','Grochowski',2,1),(54112351958,'Dionizja ','Lech',22,2),(55011532778,'Bernard','Górecki',20,1),(55020918266,'Bianka','Kania',22,2),(55040765556,'Dobrożyźń ','Krzyżanowski',26,1),(55062387693,'Czarek','Madej',22,2),(56022777868,'Dorian','Różański',28,1),(56040553899,'Czarek','Owczarek',6,1),(56042455687,'Baldwina','Kaźmierczak',10,2),(56070998927,'Bolesława ','Jóźwiak',32,1),(56091442571,'Danio','Marzec',4,1),(56111925417,'Brodzisław ','Majchrzak',24,2),(57041659188,'Domamir ','Gruszka',4,2),(57041675586,'Amon','Walczak',30,2),(57061522385,'Berenika','Szczepaniak',16,2),(57082547721,'Daria ','Kujawa',2,2),(57110956651,'Dromił ','Bartkowiak',20,1),(58030321583,'Alberta','Grabowski',34,1),(58032232564,'Bernarda','Krupa',16,1),(58040388879,'Blandyn ','Mikołajczyk',22,1),(58051842135,'Aurelian','Kucharski',34,1),(58052863322,'Dobiemir ','Chmiel',6,1),(58070254223,'Danka','Krzemiński',32,1),(58090698793,'Basia','Milewski',16,2),(58121681552,'Dobrawa ','Cichoń',16,1),(59070856866,'Czesława','Augustyniak',14,1),(59071659499,'Druzjan ','Leśniewski',20,2),(60061325292,'Drogodziej','Śliwa',18,2),(60070362378,'Drogomysł ','Strzelecki',2,2),(60092769281,'Bogwidza ','Żak',6,1),(60112826813,'Dalila ','Stefaniak',28,1),(60121978567,'Dobiesława ','Sowiński',10,1),(61010546968,'Balcer','Wysocki',12,1),(61020767922,'Dorotka','Cieśla',28,1),(61072535296,'Atanazy ','Sawicki',34,1),(61121471791,'Drogosława ','Kłos',14,2),(61121865479,'Bądzimir','Baranowski',18,1),(62010314373,'Czesław ','Sobczyk',8,1),(62030816419,'Boguchwała','Wawrzyniak',14,1),(62042522294,'Albert','Piotrowski',32,1),(62061912933,'Cieszymysł ','Bukowski',4,1),(62081753231,'Cieszyrad ','Leśniak',10,1),(62081986343,'Cieszymir ','Chrzanowski',16,1),(62101731665,'Barnaba','Cieślak',10,2),(62112398617,'Apolloniusz','Wróblewski',32,2),(62123058195,'Bądzisław','Laskowski',26,1),(63030689645,'Apolinary','Tomaszewski',2,2),(63061251574,'Alojzy','Wróbel',30,2),(63112863844,'Cieszysława ','Kosiński',18,1),(64042852939,'Bogumiła','Tomczyk',20,1),(64052261855,'Ambroży','Stępień',18,1),(64100886834,'Areta','Jasiński',4,2),(64111261237,'Blizbor','Tomczak',2,2),(64120712773,'Demokryt','Cichocki',18,1),(65022645862,'Amanda','Witkowski',20,1),(65060372184,'Damazy ','Marszałek',28,1),(65061396787,'Bożo','Janik',18,2),(65062223334,'Dobrochna ','Rosiński',10,2),(65071618442,'Ciecimiar ','Czech',4,2),(65091447554,'Bronisław ','Bielecki',4,2),(65111644413,'Beatrycze','Przybylski',8,1),(65122277325,'Bazyli','Gajewski',16,2),(66011989149,'Cezaryna','Wrona',22,2),(66012677722,'Benon','Mróz',26,2),(66030555936,'Dionizy ','Kulesza',10,1),(66033056571,'Barnim','Głowacki',32,2),(66041922871,'Cezariusz','Bednarczyk',12,1),(66110416199,'Chryzant ','Rogowski',24,1),(66111135468,'Arkadiusz','Kowalski',32,2),(67041223535,'Bohdana','Dziedzic',32,1),(67071913527,'Aurelia ','Szczepański',20,2),(68012942136,'Chociesław','Kędzierski',16,2),(68030732836,'Cibora ','Dębski',22,2),(68072523177,'Czcibor ','Żukowski',30,2),(68082575137,'Balbina','Mazurek',6,1),(69080435731,'Biernat','Urbaniak',28,1),(69080826447,'Bożymir','Sosnowski',4,1),(69121822715,'Ciecirada ','Janiszewski',6,2),(69122379735,'Dobrosiodł ','Gołębiewski',6,2),(70041065269,'Domasław ','Banaś',8,1),(70061751591,'Celestyna','Czajka',20,1),(70100655862,'Bończa','Domagała',20,2),(70110444841,'Budzigniew ','Olejniczak',2,1),(70111268327,'Dobosław ','Skrzypczak',4,1),(71020748735,'Dobromira ','Pietrzyk',12,1),(71022091787,'Baldwin','Adamski',30,2),(71081982716,'Alicjana','Jaworski',34,2),(71110763455,'Dobielut ','Turek',24,1),(71123191939,'Bartłomiej','Zakrzewski',34,2),(72080123858,'Darosław ','Przybysz',8,1),(72090499765,'Dobromiła ','Drozd',34,2),(72112014396,'Adolfina','Jankowski',24,2),(72120289481,'Alicja','Majewski',16,1),(73010833591,'Agnieszka','Mazur',22,1),(73011625489,'Adrianna','Lewandowski',34,1),(73052131554,'Dariusz ','Lewicki',14,1),(73071163497,'Bodzęta ','Markowski',16,1),(73080875981,'Cecyliusz','Grzelak',4,2),(73101199672,'Apolinaria','Szewczyk',34,2),(73111864227,'Cyriak ','Świątek',8,1),(73121911555,'Dolores ','Przybyła',28,2),(74012963622,'Demetria','Janowski',18,1),(74030588643,'Ada','Wójcik',12,2),(74031542392,'Adela','Kowalczyk',2,2),(74040928347,'Borys','Piasecki',16,2),(74072644967,'Anita','Sikora',24,2),(74090527862,'Dytrych ','Janiak',2,1),(74091258754,'Aleksander','Adamczyk',4,1),(74092748724,'Cyra ','Muszyński',8,2),(74111925237,'Dalimir ','Cybulski',30,1),(74120771151,'Czasława ','Kuczyński',12,2),(74121767481,'Dobroniega ','Antczak',24,2),(75040211536,'Beata','Makowski',28,1),(75041454817,'Domastoj','Siwek',4,2),(75050185177,'Dawid ','Stachowiak',14,1),(75070572591,'Atanazja ','Czarnecki',24,2),(75082152299,'Drogoradz ','Zarzycki',26,1),(75112418665,'Bogumir','Jarosz',6,2),(76010439637,'Bogumił','Orłowski',14,1),(76020217575,'Arnold ','Chmielewski',2,1),(76022465334,'Ariel','Sadowski',14,1),(76042894943,'Czedrog ','Morawski',20,2),(76081425285,'Angelika','Rutkowski',14,2),(76092132765,'Dalwin ','Kacprzak',28,2),(76112891957,'Bazylisa','Szulc',22,1),(77012625738,'Budzimir ','Ratajczak',26,1),(77020464462,'Brykcjusz ','Klimek',4,1),(77031996697,'Dina ','Staniszewski',6,2),(77102825437,'Augustyn','Kubiak',10,2),(77112694519,'Drogomir ','Ptak',28,1),(77122218727,'Blandyna ','Czajkowski',14,2),(78031672389,'Budzisława','Śliwiński',2,1),(78052589123,'Bogdan','Kowalik',16,2),(78052728715,'Czabor ','Czaja',12,2),(78070171159,'Antek','Szymański',14,1),(78072174563,'Bogusz','Kopeć',32,2),(79061515837,'Agus','Krawczyk',2,2),(79080268356,'Edgar ','Tokarski',20,1),(79102076868,'Dalia','Niemiec',10,2),(79112753869,'Anna','Duda',30,2),(80080377917,'Bądzisława','Brzeziński',30,2),(80081559626,'Dionizjusz ','Rudnicki',12,1),(80083196427,'Borzuj','Wierzbicki',10,1),(80092758582,'Arnolf','Włodarczyk',2,1),(80110211448,'Budzisław','Romanowski',10,2),(81013149425,'Andrzej','Górski',28,1),(81052279273,'Delfina','Matysiak',20,2),(81090291918,'Bogdana','Nawrocki',6,2),(81090493983,'Edek','Grzesiak',22,2),(81100841131,'Daniela ','Szydłowski',2,1),(81112564893,'Dawida','Popławski',30,2),(82012715958,'Czasław ','Lisowski',26,1),(82071521424,'Aga','Kaczmarek',16,2),(82071546265,'Chociemir','Sobolewski',10,1),(82082076597,'Cecylian','Wilczyński',4,2),(82083191655,'Dobrosława ','Banach',18,2),(83042645127,'Alex','Nowicki',24,1),(83070446129,'Artur','Dąbrowski',12,1),(83101479812,'Dobosława ','Podgórski',30,1),(83121878866,'Augusta','Urbański',32,2),(84012815676,'Adolfa','Kozłowski',32,2),(84022266497,'Ciesława ','Łukasik',10,2),(84022467669,'Dobromir ','Żurawski',26,1),(84060885742,'Ciechosława','Mazurkiewicz',30,2),(84071342544,'Dymitr ','Górka',28,2),(84090163243,'Alwin','Malinowski',30,2),(84112966474,'Borzymir','Karpiński',20,2),(84122121861,'Domicela ','Serafin',28,2),(85041855631,'Donat ','Zawada',8,1),(85072311779,'Bernardyn','Kaczmarczyk',32,2),(86081182653,'Bonawentura','Pawlik',2,2),(86111775828,'Dacjusz','Marczak',12,2),(87010655387,'Bazyla','Krajewski',30,1),(87081976312,'Amadeusz','Pawlak',18,2),(87092398455,'Diana ','Niewiadomski',4,2),(87101937873,'Bolisława ','Urban',32,1),(87110388817,'Czcibora ','Grzybowski',28,1),(87110797527,'Bartosz','Sikorski',26,1),(88021556425,'Bruno','Maj',24,2),(88082411433,'Alfreda','Olszewski',8,1),(88090193677,'Biedrzysław ','Kowalewski',18,2),(88091597517,'Długomił ','Piątkowski',26,2),(88092456516,'Bolek','Dobrowolski',10,1),(89012422871,'Czesio','Pająk',6,2),(89033023523,'Bożeciecha','Janicki',32,2),(89071762529,'Bożysław','Bednarek',6,1),(89080118568,'Basia','Andrzejewski',8,2),(89121068944,'Demetriusz','Murawski',24,1),(90010779292,'Brunon','Sowa',8,2),(90052751481,'Damian ','Kasprzyk',26,2),(90070221641,'Cyryl ','Osiński',16,1),(91021465222,'Bernardyna','Leszczyński',30,2),(91082361257,'Dorota ','Długosz',22,2),(91082888279,'Bronisława ','Małecki',2,2),(92011524147,'Cyrus ','Kozieł',24,1),(92060868829,'Benedykt','Nowacki',20,2),(92061242398,'Bolemysł','Stankiewicz',20,2),(93022575225,'Dobrociech ','Karczewski',6,2),(93060464374,'Barbara','Czerwiński',32,2),(93091514729,'Dobromysł ','Komorowski',6,1),(94062333259,'Armand','Bąk',6,2),(94072312154,'Dalestryj ','Kubicki',2,1),(94081734534,'Bolesław','Piątek',6,1),(94121259964,'Ciechosław ','Skowroński',24,2),(95013151953,'Domażyr ','Konieczna',32,1),(95022022691,'Ciechomir ','Barański',28,1),(95030941289,'Dobromił ','Żurek',2,1),(95043044133,'Dobiesław ','Biernacki',26,1),(95071034869,'Bogusław','Kołodziejczyk',26,2),(95081392751,'Beda','Domański',28,2),(95082644536,'Boguchwał','Musiał',16,2),(95092174937,'Czcisław ','Pluta',18,1),(95122573275,'Domasława ','Klimczak',16,2),(96010739186,'Augustyna','Maciejewski',16,2),(96021085119,'Balbin','Lis',16,1),(96031221556,'Bożena','Wójtowicz',2,2),(96101541492,'Benita','Ciesielski',12,1),(96102592374,'Dobrowit ','Filipiak',2,1),(97080357681,'Dagna ','Michalik',10,2),(97081286391,'Danuta ','Smoliński',10,1),(97081761548,'Cieszysław ','Cieślik',8,1),(97090971493,'Bogwiedz ','Wolski',24,1),(97092523827,'Druzjanna ','Krawiec',34,1),(98040382398,'Artek','Wiśniewski',14,2),(98082784192,'Czesbor ','Czyż',24,2),(98101659562,'Cibor ','Olejnik',34,2),(98120193597,'Donata ','Mikołajczak',14,1),(99050887693,'Derwan','Witek',30,2),(99051581862,'Celestyn','Socha',4,2),(99060577362,'Anetka','Pawłowski',10,2),(99072711491,'Adrian','Wojciechowski',8,1),(99081492534,'Bogna','Brzozowski',26,2),(99081824793,'Aleks','Michalski',8,1),(99111973363,'Chociebor','Orzechowski',32,1),(99111998814,'Błażej','Kozioł',12,2),(99112726229,'Aureliusz','Wilk',32,1);
/*!40000 ALTER TABLE kurier ENABLE KEYS */;

/*!40000 ALTER TABLE obszar DISABLE KEYS */;
INSERT INTO obszar VALUES (2,'dolnośląskie','Obszar woj. dolnośląskiego'),(4,'kujawsko-pomorskie','Obszar woj. kujawsko-pomorskiego'),(6,'lubelskie','Obszar woj. lubelskiego'),(8,'lubuskie','Obszar woj. lubuskiego'),(10,'łódzkie','Obszar woj. łódzkiego'),(12,'małopolskie','Obszar woj. małopolskiego'),(14,'mazowieckie','Obszar woj. mazowieckiego'),(16,'opolskie','Obszar woj. opolskiego'),(18,'podkarpackie','Obszar woj. podkarpackiego'),(20,'podlaskie','Obszar woj. podlaskiego'),(22,'pomorskie','Obszar woj. pomorskiego'),(24,'śląskie','Obszar woj. śląskiego'),(26,'świętokrzyskie','Obszar woj. świętokrzyskiego'),(28,'warmińsko-mazurskie','Obszar woj. warmińsko-mazurskiego'),(30,'wielkopolskie','Obszar woj. wielkopolskiego'),(32,'zachodniopomorskie','Obszar woj. zachodniopomorskiego');
/*!40000 ALTER TABLE obszar ENABLE KEYS */;

/*!40000 ALTER TABLE pojazd DISABLE KEYS */;
INSERT INTO pojazd VALUES (1,'Ford','Transit',1477),(2,'Volkswagen','Crafter',1290);
/*!40000 ALTER TABLE pojazd ENABLE KEYS */;

/*!40000 ALTER TABLE przesylka DISABLE KEYS */;
INSERT INTO przesylka VALUES (1,'',76112577666,40120472187,12,88080798895),(2,'',60103039859,40042233851,38,84090941814),(3,'',97072667217,40080546885,73,74051975752),(4,'',76122084327,43011914892,70,60082299772),(5,'',63041452997,43011914892,52,74112424278),(6,'',81091842571,44030815773,43,83052069959),(7,'',68123116428,43011914892,58,92081881348),(8,'',92111384878,42022391412,70,69111226327),(9,'',72110819733,44030815773,73,78030838883),(10,'',65073086287,44041485592,8,47091462681),(11,'',67011864582,43011914892,13,46101413387),(12,'',73060396677,41123162361,48,44110716426),(13,'',98033122163,44030815773,100,88052759813),(14,'',46122871375,42022391412,93,88082295482),(15,'',50072752495,40080546885,93,86110246628),(16,'',51010329177,40120472187,77,89111585248),(17,'',64082266488,41123162361,13,95102272165),(18,'',54111363435,43011914892,47,71041773648),(19,'',67061234494,44030815773,78,79120963128),(20,'',77101022682,44070555815,17,80031726173),(21,'',74042799787,47080723193,96,96072278483),(22,'',41042556223,44030815773,73,62081497687),(23,'',96082943267,41121665866,16,79082575492),(24,'',83061887586,44032216923,30,58082699869),(25,'',56032042613,46100353529,93,85032686154),(26,'',90053114229,41123162361,45,41122638739),(27,'',98102347497,44032216923,89,90081745967),(28,'',92111384878,42022391412,6,69111226327),(29,'',95012088854,40061633784,45,79100496161),(30,'',91012379213,44041485592,89,69020267176),(31,'',41042556223,44030815773,3,62081497687),(32,'',49010857329,40120472187,60,56060183168),(33,'',57053116125,44070555815,78,42061017371),(34,'',79092566613,40061633784,49,90080132151),(35,'',98081943545,44041485592,42,88092727489),(36,'',91012379213,44041485592,37,69020267176),(37,'',65073086287,44041485592,100,47091462681),(38,'',83061887586,44032216923,12,68070595318),(39,'',54111363435,43011914892,98,71041773648),(40,'',70082759712,44070555815,59,54030313966),(41,'',75121091871,40120472187,94,54010436878),(42,'',84090837759,40120472187,14,54042346523),(43,'',73082027973,40061633784,84,69120137654),(44,'',40122171695,40042233851,93,93110952174),(45,'',70082759712,44070555815,75,54030313966),(46,'',77050691427,42022391412,62,55102877388),(47,'',88121769855,40061633784,58,99111552511),(48,'',70061129369,44030815773,81,82012213333),(49,'',56031592843,40042233851,10,86100178249),(50,'',83061887586,44032216923,92,58082699869),(51,'',67061234494,44030815773,74,65070691631),(52,'',72110641518,44030815773,93,96031715958),(53,'',67021542836,43070555948,39,51112447315),(54,'',64010281378,44032216923,35,68060146131),(55,'',50071299636,44041485592,47,59062396181),(56,'',41042556223,44030815773,27,62081497687),(57,'',64030669974,40080546885,99,85053011355),(58,'',76112577666,40120472187,27,98111026316),(59,'',86110716983,46100353529,70,41012897484),(60,'',65073086287,44041485592,45,78100683926),(61,'',81071498893,41012285845,58,42031614698),(62,'',86110716983,46100353529,40,67101261749),(63,'',92061664349,40080546885,99,82061443363),(64,'',98033122163,44030815773,78,51060728735),(65,'',74052911858,43070555948,57,74121858899),(66,'',57052072765,40042233851,84,74060774636),(67,'',90032981994,44041485592,80,83070229863),(68,'',79092566613,40061633784,87,90080132151),(69,'',95120139181,43070555948,56,55021055421),(70,'',49012782966,40061633784,50,88090162615),(71,'',93012184594,40042233851,30,93050876819),(72,'',98081943545,44041485592,25,88092727489),(73,'',65073086287,44041485592,85,78100683926),(74,'',95120139181,43070555948,46,55021055421),(75,'',67112452161,44041485592,66,52072948922),(76,'',77101022682,44070555815,65,80031726173),(77,'',92111384878,42022391412,56,69111226327),(78,'',65073086287,44041485592,15,47091462681),(79,'',95012088854,40061633784,61,79100496161),(80,'',93012184594,40042233851,35,93050876819),(81,'',53091459532,46100353529,36,74021978257),(82,'',76021852276,44030815773,98,43081758426),(83,'',67011864582,43011914892,84,47052997777),(84,'',93012184594,40042233851,27,93050876819),(85,'',53021186875,40042233851,64,44050584354),(86,'',55102266849,40120472187,8,56010485883),(87,'',75121091871,40120472187,71,54010436878),(88,'',95022781789,40042233851,31,76122211761),(89,'',57053116125,44070555815,87,42061017371),(90,'',51062318244,42022391412,67,46022352495),(91,'',96011355646,42022391412,81,57041867299),(92,'',64071877194,44030815773,29,56052421197),(93,'',73082027973,40061633784,95,69120137654),(94,'',49010857329,40120472187,70,56060183168),(95,'',43022299533,41123162361,1,71112517175),(96,'',67061234494,44030815773,36,79120963128),(97,'',81071498893,41012285845,86,42031614698),(98,'',90032981994,44041485592,87,83070229863),(99,'',95022781789,40042233851,24,79092497395),(100,'',54111363435,43011914892,72,71041773648),(101,'',54111363435,43011914892,49,71041773648),(102,'',51062318244,42022391412,65,46022352495),(103,'',73082027973,40061633784,37,57032213265),(104,'',76122084327,43011914892,24,60082299772),(105,'',78030469373,40061633784,1,49010353412),(106,'',44112659712,40061633784,45,47022286993),(107,'',64082266488,41123162361,14,77011747284),(108,'',95012088854,40061633784,53,48010254921),(109,'',75020789637,41012285845,95,67101491261),(110,'',64030669974,40080546885,17,85053011355),(111,'',41042556223,44030815773,79,62081497687),(112,'',51012614796,41123162361,43,91032393116),(113,'',57052072765,40042233851,98,74060774636),(114,'',56031592843,40042233851,48,86100178249),(115,'',65073086287,44041485592,25,78100683926),(116,'',82052644588,40080546885,94,41050576161),(117,'',92102943967,41012285845,27,41050253819),(118,'',94051076277,40061633784,57,55032033812),(119,'',72120796547,40061633784,76,71062355739),(120,'',56032042613,46100353529,23,85032686154),(121,'',50072154822,44070555815,85,71020863733),(122,'',62070176634,44032216923,87,96070941921),(123,'',64010281378,44032216923,27,68060146131),(124,'',95022781789,40042233851,68,76122211761),(125,'',96022369421,40061633784,37,50080428715),(126,'',51010329177,40120472187,25,89111585248),(127,'',72112981779,44030815773,11,58011537958),(128,'',51062318244,42022391412,36,46022352495),(129,'',65073086287,44041485592,32,78100683926),(130,'',98081943545,44041485592,82,88092727489),(131,'',84090329715,43011914892,43,75061469558),(132,'',94051076277,40061633784,53,55082648817),(133,'',79092566613,40061633784,14,90080132151),(134,'',76122084327,43011914892,56,60082299772),(135,'',66072688494,42022391412,76,68031886749),(136,'',72110819733,44030815773,18,78030838883),(137,'',76041483454,41123162361,41,60082267924),(138,'',97030837982,42022391412,60,91062615781),(139,'',83031042399,43070555948,45,87041677622),(140,'',74052911858,43070555948,36,86121695392),(141,'',57053116125,44070555815,10,42061017371),(142,'',75121091871,40120472187,55,54010436878),(143,'',54111363435,43011914892,100,71041773648),(144,'',93110333382,47080723193,11,77081072934),(145,'',64082266488,41123162361,90,95102272165),(146,'',95012088854,40061633784,62,48010254921),(147,'',74042799787,47080723193,10,96072278483),(148,'',75072656297,44070555815,18,57112232162),(149,'',48072997691,44030815773,28,93062078173),(150,'',67061234494,44030815773,25,79120963128),(151,'',86110716983,46100353529,88,67101261749),(152,'',64082266488,41123162361,16,77011747284),(153,'',67011864582,43011914892,38,47052997777),(154,'',74042799787,47080723193,76,96072278483),(155,'',81091842571,44030815773,89,83052069959),(156,'',63041452997,43011914892,57,74112424278),(157,'',74052911858,43070555948,71,74121858899),(158,'',85032827281,44070555815,14,82042793571),(159,'',67011864582,43011914892,23,46101413387),(160,'',97030837982,42022391412,78,91062615781),(161,'',77101022682,44070555815,29,80031726173),(162,'',73060396677,41123162361,37,66030548431),(163,'',73082027973,40061633784,81,57032213265),(164,'',84090837759,40120472187,21,54042346523),(165,'',72120796547,40061633784,91,68030943414),(166,'',56031592843,40042233851,74,86100178249),(167,'',52012462648,41121665866,53,63040855432),(168,'',91103018726,40042233851,57,49081669876),(169,'',83061887586,44032216923,23,95051061245),(170,'',68052837159,44041485592,13,45123111455),(171,'',47121776722,44030815773,49,45120677174),(172,'',85032827281,44070555815,99,82042793571),(173,'',70082759712,44070555815,30,54030313966),(174,'',83061887586,44032216923,92,95051061245),(175,'',94051076277,40061633784,100,55082648817),(176,'',98033122163,44030815773,60,51060728735),(177,'',41042556223,44030815773,66,62081497687),(178,'',76122084327,43011914892,21,60031436825),(179,'',76122084327,43011914892,37,60031436825),(180,'',53021186875,40042233851,97,44050584354),(181,'',59081064281,44032216923,20,97060663375),(182,'',64030669974,40080546885,70,85053011355),(183,'',64030669974,40080546885,42,85053011355),(184,'',70103121632,41121665866,85,56110721755),(185,'',94051076277,40061633784,6,55032033812),(186,'',67112452161,44041485592,61,65120189189),(187,'',64082266488,41123162361,77,77011747284),(188,'',75020789637,41012285845,45,67101491261),(189,'',76122084327,43011914892,11,60031436825),(190,'',83061887586,44032216923,37,68070595318),(191,'',84090329715,43011914892,30,75061469558),(192,'',65082327849,44030815773,46,80121883214),(193,'',77050691427,42022391412,98,55102877388),(194,'',83061887586,44032216923,82,58082699869),(195,'',70082759712,44070555815,74,54030313966),(196,'',67102121466,47080723193,60,82100515125),(197,'',97030837982,42022391412,56,91062615781),(198,'',76021852276,44030815773,79,43081758426),(199,'',74052911858,43070555948,53,86121695392),(200,'',55102266849,40120472187,7,56010485883),(201,'',76112577666,40120472187,32,98111026316),(202,'',96080721755,47080723193,50,50102932666),(203,'',58021215837,40120472187,83,93052057694),(204,'',86110716983,46100353529,73,67101261749),(205,'',76122084327,43011914892,6,60082299772),(206,'',75020789637,41012285845,21,67101491261),(207,'',83061887586,44032216923,48,94090969398),(208,'',91061118353,44030815773,14,41011783849),(209,'',65082327849,44030815773,71,80121883214),(210,'',73060396677,41123162361,4,66030548431),(211,'',76112577666,40120472187,85,88080798895),(212,'',84090329715,43011914892,57,75061469558),(213,'',96011355646,42022391412,38,57041867299),(214,'',83061887586,44032216923,38,94090969398),(215,'',52012462648,41121665866,18,63040855432),(216,'',84090837759,40120472187,82,54042346523),(217,'',76041483454,41123162361,36,60082267924),(218,'',73082027973,40061633784,6,61030213882),(219,'',41042556223,44030815773,64,62081497687),(220,'',67011864582,43011914892,100,47052997777),(221,'',83061887586,44032216923,47,68070595318),(222,'',53021186875,40042233851,65,44050584354),(223,'',76122084327,43011914892,10,60031436825),(224,'',86110716983,46100353529,52,67101261749),(225,'',75020789637,41012285845,91,83081441698),(226,'',92102943967,41012285845,10,41050253819),(227,'',67112452161,44041485592,93,63061684772),(228,'',64010281378,44032216923,66,68060146131),(229,'',90053114229,41123162361,28,41122638739),(230,'',63041452997,43011914892,29,74112424278),(231,'',95012088854,40061633784,68,79100496161),(232,'',53091667643,41121665866,33,52062245363),(233,'',59081064281,44032216923,45,97060663375),(234,'',79092566613,40061633784,31,90080132151),(235,'',44112659712,40061633784,19,47022286993),(236,'',77050691427,42022391412,46,55102877388),(237,'',68052837159,44041485592,12,45123111455),(238,'',47121776722,44030815773,57,45120677174),(239,'',75121091871,40120472187,5,54010436878),(240,'',64030669974,40080546885,65,85053011355),(241,'',45102695297,42022391412,77,52090449373),(242,'',92013156728,40120472187,57,48082683939),(243,'',68123116428,43011914892,34,92081881348),(244,'',67102121466,47080723193,63,82100515125),(245,'',55102266849,40120472187,14,56010485883),(246,'',90053114229,41123162361,37,41122638739),(247,'',74052911858,43070555948,55,74121858899),(248,'',76112577666,40120472187,80,98111026316),(249,'',76041483454,41123162361,73,60082267924),(250,'',97072667217,40080546885,66,74051975752),(251,'',84090329715,43011914892,59,75061469558),(252,'',94051076277,40061633784,8,55032033812),(253,'',64030669974,40080546885,53,85053011355),(254,'',52012462648,41121665866,68,63040855432),(255,'',64082266488,41123162361,24,95102272165),(256,'',52012462648,41121665866,100,63040855432),(257,'',70103121632,41121665866,41,56110721755),(258,'',93110333382,47080723193,15,77081072934),(259,'',70061129369,44030815773,62,82012213333),(260,'',57052072765,40042233851,84,61090663966),(261,'',66072688494,42022391412,6,68031886749),(262,'',76122084327,43011914892,12,60082299772),(263,'',62070176634,44032216923,22,77110581563),(264,'',67011864582,43011914892,88,46101413387),(265,'',72120796547,40061633784,94,63021494654),(266,'',93110333382,47080723193,61,77081072934),(267,'',57052072765,40042233851,51,74060774636),(268,'',60103039859,40042233851,62,84090941814),(269,'',54101273881,44030815773,6,71060181725),(270,'',67011864582,43011914892,68,47052997777),(271,'',65073086287,44041485592,63,78100683926),(272,'',45102695297,42022391412,45,52090449373),(273,'',90053114229,41123162361,71,41122638739),(274,'',65073086287,44041485592,56,78100683926),(275,'',74042799787,47080723193,19,96072278483),(276,'',83061887586,44032216923,100,58082699869),(277,'',77050691427,42022391412,45,55102877388),(278,'',64030669974,40080546885,89,85053011355),(279,'',72120796547,40061633784,64,50052653381),(280,'',95062436836,40120472187,3,61050386847),(281,'',67011864582,43011914892,61,46101413387),(282,'',40122171695,40042233851,60,93110952174),(283,'',72120796547,40061633784,81,68030943414),(284,'',63041452997,43011914892,12,74112424278),(285,'',50072154822,44070555815,67,71020863733),(286,'',95062436836,40120472187,25,61050386847),(287,'',96060167544,43070555948,30,68091697431),(288,'',59081064281,44032216923,99,97060663375),(289,'',65073086287,44041485592,68,47091462681),(290,'',72110641518,44030815773,71,96031715958),(291,'',93110333382,47080723193,94,77081072934),(292,'',59081064281,44032216923,50,97060663375),(293,'',72110641518,44030815773,5,96031715958),(294,'',64071877194,44030815773,39,56052421197),(295,'',73060396677,41123162361,61,66030548431),(296,'',44112659712,40061633784,32,47022286993),(297,'',75082194484,44030815773,53,43082791444),(298,'',64010281378,44032216923,72,68060146131),(299,'',70082759712,44070555815,81,54030313966),(300,'',56031592843,40042233851,95,86100178249),(301,'',46010196955,40080546885,39,62031526342),(302,'',83031042399,43070555948,63,58061384517),(303,'',70103121632,41121665866,39,56110721755),(304,'',97072667217,40080546885,10,89041388322),(305,'',53021186875,40042233851,93,44050584354),(306,'',93012184594,40042233851,78,93050876819),(307,'',75072656297,44070555815,43,57112232162),(308,'',84090329715,43011914892,12,75061469558),(309,'',70103121632,41121665866,9,56110721755),(310,'',77101022682,44070555815,1,80031726173),(311,'',83061887586,44032216923,16,95051061245),(312,'',96080721755,47080723193,90,50102932666),(313,'',82052644588,40080546885,95,41050576161),(314,'',72120796547,40061633784,13,71062355739),(315,'',73060396677,41123162361,58,66030548431),(316,'',82052644588,40080546885,18,41050576161),(317,'',65073086287,44041485592,10,47091462681),(318,'',63041452997,43011914892,97,74112424278),(319,'',50072154822,44070555815,93,71020863733),(320,'',63041452997,43011914892,67,74112424278),(321,'',51010329177,40120472187,87,89111585248),(322,'',94051076277,40061633784,13,55032033812),(323,'',86110716983,46100353529,79,41012897484),(324,'',72120796547,40061633784,23,63021494654),(325,'',83031042399,43070555948,40,87041677622),(326,'',96060167544,43070555948,49,68091697431),(327,'',50072752495,40080546885,82,86110246628),(328,'',84090837759,40120472187,94,65112625332),(329,'',51012614796,41123162361,87,91032393116),(330,'',75121091871,40120472187,11,54010436878),(331,'',70061129369,44030815773,71,82012213333),(332,'',72120796547,40061633784,15,63021494654),(333,'',64082266488,41123162361,22,77011747284),(334,'',45102695297,42022391412,100,52090449373),(335,'',41042556223,44030815773,13,62081497687),(336,'',46010196955,40080546885,82,62031526342),(337,'',97072667217,40080546885,56,89041388322),(338,'',92061664349,40080546885,32,82061443363),(339,'',55102266849,40120472187,100,56010485883),(340,'',62070176634,44032216923,19,96070941921),(341,'',67021542836,43070555948,62,51112447315),(342,'',53091667643,41121665866,20,52062245363),(343,'',50072154822,44070555815,75,71020863733),(344,'',73082027973,40061633784,100,69120137654),(345,'',65073086287,44041485592,58,78100683926),(346,'',66072688494,42022391412,38,68031886749),(347,'',75072656297,44070555815,80,57112232162),(348,'',76041483454,41123162361,47,60082267924),(349,'',57052072765,40042233851,50,61090663966),(350,'',64071877194,44030815773,36,56052421197),(351,'',56031592843,40042233851,44,86100178249),(352,'',92013156728,40120472187,81,48082683939),(353,'',70061129369,44030815773,46,82012213333),(354,'',65073086287,44041485592,81,78100683926),(355,'',62070176634,44032216923,43,77110581563),(356,'',63120863861,44070555815,29,94040784376),(357,'',57052072765,40042233851,45,61090663966),(358,'',70103121632,41121665866,15,56110721755),(359,'',91103018726,40042233851,52,49081669876),(360,'',50071299636,44041485592,76,59062396181),(361,'',50071299636,44041485592,89,59062396181),(362,'',98081943545,44041485592,25,40013181358),(363,'',46010196955,40080546885,22,62031526342),(364,'',96011355646,42022391412,22,57041867299),(365,'',96080721755,47080723193,91,50102932666),(366,'',55102266849,40120472187,3,56010485883),(367,'',65082327849,44030815773,78,80121883214),(368,'',73082027973,40061633784,87,69120137654),(369,'',94051076277,40061633784,6,55082648817),(370,'',57053116125,44070555815,14,42061017371),(371,'',67061234494,44030815773,24,79120963128),(372,'',72120796547,40061633784,49,71062355739),(373,'',98081943545,44041485592,12,88092727489),(374,'',54111363435,43011914892,76,71041773648),(375,'',83061887586,44032216923,39,94090969398),(376,'',72112981779,44030815773,70,58011537958),(377,'',97072667217,40080546885,64,89041388322),(378,'',90032981994,44041485592,59,83070229863),(379,'',97072667217,40080546885,71,74051975752),(380,'',85032827281,44070555815,31,82042793571),(381,'',56031592843,40042233851,18,86100178249),(382,'',75082194484,44030815773,50,43082791444),(383,'',51010329177,40120472187,90,89111585248),(384,'',50072752495,40080546885,7,86110246628),(385,'',72120796547,40061633784,32,68030943414),(386,'',72112981779,44030815773,20,58011537958),(387,'',75020789637,41012285845,1,67101491261),(388,'',74052911858,43070555948,47,74121858899),(389,'',86110716983,46100353529,5,67101261749),(390,'',67112452161,44041485592,8,92122536756),(391,'',81091842571,44030815773,42,83052069959),(392,'',96082943267,41121665866,52,76080561175),(393,'',66072688494,42022391412,94,68031886749),(394,'',86110716983,46100353529,62,41012897484),(395,'',60103039859,40042233851,5,84090941814),(396,'',96082943267,41121665866,65,79082575492),(397,'',83061887586,44032216923,20,94090969398),(398,'',47121776722,44030815773,23,45120677174),(399,'',62070176634,44032216923,14,96070941921),(400,'',67061234494,44030815773,49,79120963128),(401,'',97072667217,40080546885,7,89041388322),(402,'',49012782966,40061633784,92,88090162615),(403,'',67011864582,43011914892,11,47052997777),(404,'',74042799787,47080723193,95,96072278483),(405,'',65073086287,44041485592,74,78100683926),(406,'',84090837759,40120472187,30,77032222173),(407,'',65073086287,44041485592,46,78100683926),(408,'',75121091871,40120472187,39,54010436878),(409,'',75020789637,41012285845,58,83081441698),(410,'',53091459532,46100353529,38,74021978257),(411,'',63120863861,44070555815,99,94040784376),(412,'',95022781789,40042233851,28,76122211761),(413,'',57052072765,40042233851,82,61090663966),(414,'',98033122163,44030815773,12,88052759813),(415,'',91012379213,44041485592,38,69020267176),(416,'',76112577666,40120472187,19,98111026316),(417,'',96080721755,47080723193,1,50102932666),(418,'',47121776722,44030815773,7,45120677174),(419,'',53021186875,40042233851,11,63040769722),(420,'',82052644588,40080546885,71,41050576161),(421,'',51012614796,41123162361,16,91032393116),(422,'',75072656297,44070555815,23,57112232162),(423,'',83061887586,44032216923,44,58082699869),(424,'',95022781789,40042233851,22,76122211761),(425,'',92013156728,40120472187,73,48082683939),(426,'',48072997691,44030815773,6,93062078173),(427,'',98081943545,44041485592,16,88092727489),(428,'',91012379213,44041485592,14,69020267176),(429,'',74042799787,47080723193,53,96072278483),(430,'',93110333382,47080723193,36,77081072934),(431,'',97030837982,42022391412,14,91062615781),(432,'',96022369421,40061633784,77,50080428715),(433,'',63041452997,43011914892,51,74112424278),(434,'',67112452161,44041485592,22,52072948922),(435,'',67011864582,43011914892,48,47052997777),(436,'',76112577666,40120472187,58,98111026316),(437,'',46122871375,42022391412,21,88082295482),(438,'',75082194484,44030815773,80,43082791444),(439,'',81092521589,42022391412,56,60040915184),(440,'',77050691427,42022391412,47,55102877388),(441,'',84090837759,40120472187,51,65112625332),(442,'',65073086287,44041485592,85,47091462681),(443,'',93012184594,40042233851,7,93050876819),(444,'',83031042399,43070555948,2,58061384517),(445,'',95012088854,40061633784,9,79100496161),(446,'',91012379213,44041485592,85,69020267176),(447,'',95022781789,40042233851,53,79092497395),(448,'',93012184594,40042233851,22,93050876819),(449,'',96060167544,43070555948,26,68091697431),(450,'',68052837159,44041485592,94,45123111455),(451,'',51012614796,41123162361,81,91032393116),(452,'',70061129369,44030815773,42,82012213333),(453,'',78030469373,40061633784,83,49010353412),(454,'',90053114229,41123162361,69,41122638739),(455,'',74042799787,47080723193,92,96072278483),(456,'',96060167544,43070555948,2,68091697431),(457,'',59081064281,44032216923,83,97060663375),(458,'',63120863861,44070555815,46,94040784376),(459,'',77050691427,42022391412,54,55102877388),(460,'',54111363435,43011914892,29,71041773648),(461,'',90032981994,44041485592,45,83070229863),(462,'',95022781789,40042233851,93,76122211761),(463,'',65082327849,44030815773,97,80121883214),(464,'',46122871375,42022391412,30,88082295482),(465,'',50072752495,40080546885,84,86110246628),(466,'',49012782966,40061633784,12,88090162615),(467,'',83061887586,44032216923,37,58082699869),(468,'',59081064281,44032216923,96,97060663375),(469,'',81092521589,42022391412,6,60040915184),(470,'',83061887586,44032216923,87,58082699869),(471,'',41042556223,44030815773,19,62081497687),(472,'',72120796547,40061633784,64,71062355739),(473,'',95012088854,40061633784,30,48010254921),(474,'',97072667217,40080546885,18,89041388322),(475,'',47121776722,44030815773,1,45120677174),(476,'',95062436836,40120472187,63,61050386847),(477,'',72120796547,40061633784,45,50052653381),(478,'',64082266488,41123162361,41,86101958897),(479,'',53021186875,40042233851,16,44050584354),(480,'',74042799787,47080723193,13,96072278483),(481,'',46010196955,40080546885,3,62031526342),(482,'',52012462648,41121665866,32,63040855432),(483,'',66051777762,40080546885,34,90123023835),(484,'',64082266488,41123162361,99,77011747284),(485,'',92061664349,40080546885,5,82061443363),(486,'',75082194484,44030815773,66,43082791444),(487,'',75082194484,44030815773,91,43082791444),(488,'',91061118353,44030815773,96,41011783849),(489,'',88121769855,40061633784,40,99111552511),(490,'',64010281378,44032216923,98,68060146131),(491,'',54101273881,44030815773,31,71060181725),(492,'',66072688494,42022391412,30,68031886749),(493,'',76122084327,43011914892,18,60031436825),(494,'',53021186875,40042233851,14,44050584354),(495,'',50071299636,44041485592,45,59062396181),(496,'',40122171695,40042233851,100,93110952174),(497,'',51012614796,41123162361,80,91032393116),(498,'',81071498893,41012285845,9,42031614698),(499,'',73060396677,41123162361,57,44110716426),(500,'',58021215837,40120472187,48,93052057694);
/*!40000 ALTER TABLE przesylka ENABLE KEYS */;

/*!40000 ALTER TABLE rejon DISABLE KEYS */;
INSERT INTO rejon VALUES (1,'Gierałtów',NULL,102),(2,'Kamieniec',NULL,104),(3,'Leszczanka',NULL,106),(4,'Mystki',NULL,108),(5,'Strzyżewice-Gajówka',NULL,110),(6,'Opaka',NULL,112),(7,'Paulanka',NULL,114),(8,'Rataje',NULL,116),(9,'Tworylne',NULL,118),(10,'Kunicha',NULL,120),(11,'Łączka',NULL,122),(12,'Pasieka',NULL,124),(13,'Kostki Duże',NULL,126),(14,'Sporwiny',NULL,128),(15,'Borowo',NULL,130),(16,'Kowańcz',NULL,132),(17,'Kośmin',NULL,202),(18,'Dzierzno',NULL,204),(19,'Biszcza-Osiedle',NULL,206),(20,'Dąbki',NULL,208),(21,'Wysoka Duża',NULL,210),(22,'Zaszuminie',NULL,212),(23,'Kowalewko',NULL,214),(24,'Jakubowice',NULL,216),(25,'Skokówka',NULL,218),(26,'Skroblaki',NULL,220),(27,'Wybudowania Ostrowic',NULL,222),(28,'Mała Rudzica',NULL,224),(29,'Rakówek',NULL,226),(30,'Demity',NULL,228),(31,'Wieleń',NULL,230),(32,'Drawnik',NULL,232),(33,'Zabiele',NULL,302),(34,'Dąbrówka Nowa',NULL,304),(35,'Hredków',NULL,306),(36,'Nowiny',NULL,308),(37,'Buczek-Lgów',NULL,310),(38,'Mały Rozkochów',NULL,312),(39,'Ostrożeń Drugi',NULL,314),(40,'Opatrzność',NULL,316),(41,'Borki',NULL,318),(42,'Kalnica',NULL,320),(43,'Żukowo',NULL,322),(44,'Dębina',NULL,324),(45,'Granica',NULL,326),(46,'Miłostajki',NULL,328),(47,'Strzyżewo Paczkowe',NULL,330),(48,'Stawno',NULL,332),(49,'Tarpno',NULL,402),(50,'Bruki Kokocka',NULL,404),(51,'Sahryń',NULL,406),(52,'Nowe Miasteczko',NULL,408),(53,'Opiesinek',NULL,410),(54,'Gęsica',NULL,412),(55,'Huta Zaborowska',NULL,414),(56,'Zajdak',NULL,416),(57,'Podedwór',NULL,418),(58,'Rydzewo',NULL,420),(59,'Postołowo',NULL,422),(60,'Julianka',NULL,424),(61,'Zazdrość',NULL,426),(62,'Marianka',NULL,428),(63,'Maciejewo',NULL,430),(64,'Grabina',NULL,432),(65,'Sady Górne',NULL,502),(66,'Srebrniki',NULL,504),(67,'Zagóra',NULL,506),(68,'Lubień',NULL,508),(69,'Pierwsza Kolonia',NULL,510),(70,'Zagórze',NULL,512),(71,'Karolina',NULL,514),(72,'Zabierzów',NULL,516),(73,'Rokicina',NULL,518),(74,'Ancuty',NULL,520),(75,'Zajezierze',NULL,522),(76,'Brzeg',NULL,524),(77,'Małachów',NULL,526),(78,'Bajtkowo',NULL,528),(79,'Gola',NULL,530),(80,'Trzebiatów',NULL,532),(81,'Antoniów',NULL,602),(82,'Rywałd',NULL,604),(83,'Chorupnik-Kolonia',NULL,606),(84,'Gilów',NULL,608),(85,'Jerzmanów',NULL,610),(86,'Parcelacja',NULL,612),(87,'Machnatka',NULL,614),(88,'Pokój',NULL,616),(89,'Guściory',NULL,618),(90,'Kamińskie',NULL,620),(91,'Nowy Dwór',NULL,622),(92,'Dąbrówka',NULL,624),(93,'Kolonie',NULL,626),(94,'Ławki',NULL,628),(95,'Tumidaj',NULL,630),(96,'Lubiczyn',NULL,632),(97,'Uniemyśl',NULL,702),(98,'Wolany',NULL,704),(99,'Huta',NULL,706),(100,'Żarzyn',NULL,708),(101,'Zapowiedź',NULL,710),(102,'Klenie',NULL,712),(103,'Grobie',NULL,714),(104,'Kępnica',NULL,716),(105,'Myszkowskie',NULL,718),(106,'Bienduszka',NULL,720),(107,'Obrzynowo',NULL,722),(108,'Woźniki',NULL,724),(109,'Dwór',NULL,726),(110,'Mątyki',NULL,728),(111,'Kurza',NULL,730),(112,'Laska',NULL,732),(113,'Darnków',NULL,802),(114,'Lipno-Rumunki Drugie',NULL,804),(115,'Roczniaki',NULL,806),(116,'Kręcko',NULL,808),(117,'Prusinowice',NULL,810),(118,'Toporów',NULL,812),(119,'Święcienica',NULL,814),(120,'Kopalina',NULL,816),(121,'Kolonia Polska',NULL,818),(122,'Downary',NULL,820),(123,'Bargędzino',NULL,822),(124,'Śmiłowice',NULL,824),(125,'Krzyżanowice Dolne',NULL,826),(126,'Wymiary',NULL,828),(127,'Grzybów',NULL,830),(128,'Gwizd',NULL,832),(129,'Raczkowa',NULL,902),(130,'Sadowiec',NULL,904),(131,'Świdnik Duży',NULL,906),(132,'Będów',NULL,908),(133,'Mazaniec',NULL,910),(134,'Krzywańskowa',NULL,912),(135,'Kolonia Rogalin',NULL,914),(136,'Dąbrowa',NULL,916),(137,'Witki',NULL,918),(138,'Hołny Mejera',NULL,920),(139,'Ząbrowo',NULL,922),(140,'Borek',NULL,924),(141,'Olbierzowice',NULL,926),(142,'Zajączki',NULL,928),(143,'Janina',NULL,930),(144,'Rzeczyca Wielka',NULL,932),(145,'Rudzica',NULL,1002),(146,'Ostrowo',NULL,1004),(147,'Zawadów',NULL,1006),(148,'Jelenin Górny',NULL,1008),(149,'Wygnanów',NULL,1010),(150,'Trześniowy Groń',NULL,1012),(151,'Kolonia',NULL,1014),(152,'Radostynia',NULL,1016),(153,'Góra',NULL,1018),(154,'Cecele',NULL,1020),(155,'Gozdawa',NULL,1022),(156,'Jarząbkowice',NULL,1024),(157,'Brzeście Górne',NULL,1026),(158,'Mostek',NULL,1028),(159,'Tartak',NULL,1030),(160,'Kinice',NULL,1032),(161,'Brodów',NULL,1102),(162,'Góry',NULL,1104),(163,'Praga',NULL,1106),(164,'Siedlec',NULL,1108),(165,'Paulina',NULL,1110),(166,'Gwiżdżówka',NULL,1112),(167,'Papierny Borek',NULL,1114),(168,'Borycz',NULL,1116),(169,'Podlas',NULL,1118),(170,'Brzozowe Błoto',NULL,1120),(171,'Meksyk',NULL,1122),(172,'Brzeźnica',NULL,1124),(173,'Klepacze',NULL,1126),(174,'Janowiec-Zdzięty',NULL,1128),(175,'Wydorowo',NULL,1130),(176,'Barnisław',NULL,1132),(177,'Brunów',NULL,1202),(178,'Karczemka',NULL,1204),(179,'Piotrawin-Kolonia',NULL,1206),(180,'Krzydłowiczki',NULL,1208),(181,'Elżbietów',NULL,1210),(182,'Bór Biskupi',NULL,1212),(183,'Nart',NULL,1214),(184,'Mule',NULL,1218),(185,'Malinówka',NULL,1220),(186,'Żelazo',NULL,1222),(187,'Czuchów',NULL,1224),(188,'Radzików',NULL,1226),(189,'Pod Nowy Dwór',NULL,1228),(190,'Rozdrażewek',NULL,1230),(191,'Pyrzyce',NULL,1232),(192,'Wierzbina',NULL,1302),(193,'Zakrzewska Osada',NULL,1304),(194,'Czerniów',NULL,1306),(195,'Matyldów',NULL,1310),(196,'Zasole',NULL,1312),(197,'Żmijewo-Ponki',NULL,1314),(198,'Zadąbrowie',NULL,1318),(199,'Siennica-Łukasze',NULL,1320),(200,'Czubek',NULL,1322),(201,'Brynica',NULL,1324),(202,'Dzierzgów',NULL,1326),(203,'Czerwony Dwór',NULL,1328),(204,'Ogrody',NULL,1330),(205,'Jeżyce',NULL,1332),(206,'Wydzierno',NULL,1402),(207,'Ernestowo',NULL,1404),(208,'Mięćmierz',NULL,1406),(209,'Gęsówka',NULL,1410),(210,'Klasztorki',NULL,1412),(211,'Zaborze',NULL,1414),(212,'Kowale',NULL,1418),(213,'Krajewo Białe',NULL,1420),(214,'Bielica',NULL,1422),(215,'Kolonia Piast',NULL,1424),(216,'Purda',NULL,1428),(217,'Prusim',NULL,1430),(218,'Wielichówko',NULL,1432),(219,'Wierzbno',NULL,1502),(220,'Pustynia',NULL,1504),(221,'Zawierzcholas',NULL,1506),(222,'Humin-Dobra Ziemskie',NULL,1510),(223,'Rusinowa',NULL,1512),(224,'Nasiadki',NULL,1514),(225,'Stawki',NULL,1518),(226,'Kisewko',NULL,1522),(227,'Gołkowice',NULL,1524),(228,'Bogaczewo',NULL,1528),(229,'Zachodzko',NULL,1530),(230,'Spore',NULL,1532),(231,'Śrem',NULL,1602),(232,'Lisiny',NULL,1604),(233,'Wojciechówka',NULL,1606),(234,'Swolszewice Małe',NULL,1610),(235,'Polanka',NULL,1612),(236,'Kolonia Jelenie',NULL,1614),(237,'Folwark',NULL,1618),(238,'Dąbrówka Malborska',NULL,1622),(239,'Przymiary',NULL,1624),(240,'Nowe Uściany',NULL,1628),(241,'Żołędzin',NULL,1630),(242,'Kłokówko',NULL,1632),(243,'Wieliczna',NULL,1702),(244,'Małe Pułkowo',NULL,1704),(245,'Adampol',NULL,1706),(246,'Wierzchlas',NULL,1710),(247,'Jesionkówka',NULL,1712),(248,'Szkolmaki',NULL,1714),(249,'Przysiółek',NULL,1718),(250,'Kościelni',NULL,1724),(251,'Korpele',NULL,1728),(252,'Zakrzewki',NULL,1730),(253,'Kalinówka',NULL,1732),(254,'Gałów',NULL,1802),(255,'Ku Wólce',NULL,1804),(256,'Stawki',NULL,1806),(257,'Zamoście',NULL,1810),(258,'Urbanki',NULL,1812),(259,'Chosna',NULL,1814),(260,'Nad Jeziorem',NULL,1818),(261,'Kruki',NULL,1828),(262,'Potaśnia',NULL,1830),(263,'Łabuń Wielki',NULL,1832),(264,'Kłaczyna',NULL,1902),(265,'Biskupiec',NULL,1904),(266,'Włodawa',NULL,1906),(267,'Tarnówka',NULL,1910),(268,'Dąbrówka',NULL,1912),(269,'Dobrosielice Pierwsz',NULL,1914),(270,'Za Wodą',NULL,1918),(271,'Zielony Ostrów',NULL,1928),(272,'Kruszki',NULL,1930),(273,'Sanie',NULL,2002),(274,'Borowina',NULL,2006),(275,'Smardzew',NULL,2010),(276,'Drozdowo',NULL,2014),(277,'Smykle',NULL,2018),(278,'Strzyżew',NULL,2030),(279,'Dworzysko',NULL,2102),(280,'Stare Koluszki',NULL,2110),(281,'Falenty Duże',NULL,2114),(282,'Dział',NULL,2118),(283,'Dębienko',NULL,2130),(284,'Krzydlina Wielka',NULL,2202),(285,'Trzcianka',NULL,2214),(286,'Dąbrówka',NULL,2230),(287,'Stępin',NULL,2302),(288,'Gajówka',NULL,2314),(289,'Nowa Górka',NULL,2330),(290,'Służejów',NULL,2402),(291,'Zamoście',NULL,2414),(292,'Binińskie Huby',NULL,2430),(293,'Nowoszyce',NULL,2502),(294,'Stara Wieś',NULL,2514),(295,'Dzierznica',NULL,2530),(296,'Jasionek',NULL,2602),(297,'Kaliski',NULL,2614),(298,'Piotrowo',NULL,2630),(299,'Kotarczyn',NULL,2714),(300,'Wincentów',NULL,2730),(301,'Dębsk-Folwark',NULL,2814),(302,'Włókna',NULL,2830),(303,'Kolonie Albinowskie',NULL,2914),(304,'Tuchorzyniec',NULL,2930),(305,'Borki',NULL,3014),(306,'Piaski',NULL,3030),(307,'Ciosaniec',NULL,3130),(308,'Grądki',NULL,3214),(309,'Butlerów',NULL,3314),(310,'Szlędaki',NULL,3414),(311,'Dalekie-Tartak',NULL,3514),(312,'Pastwiska',NULL,3614),(313,'Wieluń-Zalesie',NULL,3714),(314,'Chrząszczew',NULL,3814);
/*!40000 ALTER TABLE rejon ENABLE KEYS */;

/*!40000 ALTER TABLE zlecenie DISABLE KEYS */;
INSERT INTO zlecenie VALUES (1,'',1029.00,'z góry','zakończono',81110126767),(2,'',821.00,'z góry','zakończono',56121953347),(3,'',1046.00,'za pobraniem','zakończono',67091586853),(4,'',181.00,'z góry','zakończono',66022165921),(5,'',451.00,'za pobraniem','zakończono',43071986327),(6,'',990.00,'z góry','w realizacji',87011642113),(7,'',1075.00,'za pobraniem','oczekuje',84090652428),(8,'',874.00,'za pobraniem','zakończono',90082137772),(9,'',1022.00,'z góry','oczekuje',73011397948),(10,'',192.00,'z góry','zakończono',83072821674),(11,'',623.00,'z góry','oczekuje',63101398126),(12,'',435.00,'z góry','zakończono',87032375924),(13,'',558.00,'przy odbiorze','w realizacji',82072694516),(14,'',1010.00,'z góry','w realizacji',92072896726),(15,'',748.00,'przy odbiorze','zakończono',76043086624),(16,'',724.00,'za pobraniem','oczekuje',98040926198),(17,'',928.00,'za pobraniem','w realizacji',71020689878),(18,'',785.00,'przy odbiorze','oczekuje',97072624366),(19,'',634.00,'z góry','zakończono',99022846329),(20,'',125.00,'za pobraniem','w realizacji',89071371493),(21,'',862.00,'z góry','zakończono',69051949111),(22,'',694.00,'za pobraniem','zakończono',74060182789),(23,'',468.00,'z góry','zakończono',54120913571),(24,'',217.00,'przy odbiorze','w realizacji',76022592856),(25,'',810.00,'przy odbiorze','oczekuje',99081218693),(26,'',1090.00,'z góry','oczekuje',47031975822),(27,'',509.00,'za pobraniem','w realizacji',88013199368),(28,'',565.00,'za pobraniem','w realizacji',67072813574),(29,'',311.00,'z góry','zakończono',63053078228),(30,'',1084.00,'z góry','w realizacji',98050832788),(31,'',558.00,'za pobraniem','oczekuje',65112277928),(32,'',109.00,'z góry','oczekuje',79021729827),(33,'',242.00,'przy odbiorze','oczekuje',42112231617),(34,'',311.00,'z góry','w realizacji',80032535569),(35,'',674.00,'z góry','w realizacji',89122596839),(36,'',537.00,'za pobraniem','w realizacji',50100556417),(37,'',419.00,'przy odbiorze','zakończono',80062226828),(38,'',472.00,'z góry','zakończono',45042139381),(39,'',969.00,'za pobraniem','zakończono',98123184998),(40,'',592.00,'za pobraniem','w realizacji',46022575146),(41,'',907.00,'z góry','oczekuje',61041136242),(42,'',316.00,'z góry','oczekuje',70101545212),(43,'',863.00,'przy odbiorze','oczekuje',96052072788),(44,'',783.00,'za pobraniem','w realizacji',54083053549),(45,'',384.00,'za pobraniem','w realizacji',45022338689),(46,'',143.00,'z góry','oczekuje',43091063433),(47,'',664.00,'przy odbiorze','w realizacji',75032514216),(48,'',791.00,'za pobraniem','w realizacji',40020496733),(49,'',817.00,'za pobraniem','zakończono',92071915118),(50,'',230.00,'za pobraniem','zakończono',45070999595),(51,'',496.00,'przy odbiorze','zakończono',79050352276),(52,'',797.00,'za pobraniem','oczekuje',93072631856),(53,'',860.00,'przy odbiorze','w realizacji',53080963978),(54,'',301.00,'przy odbiorze','oczekuje',55061029994),(55,'',695.00,'przy odbiorze','zakończono',71071569671),(56,'',406.00,'za pobraniem','w realizacji',50062438936),(57,'',164.00,'z góry','oczekuje',45121671122),(58,'',1039.00,'za pobraniem','oczekuje',68072784767),(59,'',363.00,'z góry','w realizacji',46032494152),(60,'',660.00,'przy odbiorze','zakończono',60070922842),(61,'',738.00,'z góry','w realizacji',92031934737),(62,'',202.00,'za pobraniem','zakończono',66082897385),(63,'',854.00,'za pobraniem','oczekuje',77112324975),(64,'',427.00,'za pobraniem','w realizacji',50042598854),(65,'',849.00,'za pobraniem','zakończono',69112085145),(66,'',950.00,'z góry','oczekuje',40022456937),(67,'',740.00,'z góry','w realizacji',67052071725),(68,'',1019.00,'za pobraniem','w realizacji',63030349185),(69,'',233.00,'za pobraniem','oczekuje',44062974884),(70,'',107.00,'przy odbiorze','w realizacji',67120882567),(71,'',224.00,'za pobraniem','zakończono',98042672486),(72,'',868.00,'przy odbiorze','oczekuje',63081944728),(73,'',517.00,'przy odbiorze','oczekuje',73090944743),(74,'',878.00,'przy odbiorze','oczekuje',77061612714),(75,'',686.00,'przy odbiorze','zakończono',40081779385),(76,'',563.00,'z góry','oczekuje',75111318812),(77,'',389.00,'z góry','w realizacji',98123031481),(78,'',1009.00,'za pobraniem','zakończono',81090271776),(79,'',802.00,'z góry','w realizacji',51120137611),(80,'',494.00,'przy odbiorze','w realizacji',62092521397),(81,'',344.00,'przy odbiorze','oczekuje',40122251412),(82,'',822.00,'za pobraniem','w realizacji',47081231686),(83,'',553.00,'przy odbiorze','w realizacji',56041591331),(84,'',650.00,'za pobraniem','zakończono',64010816282),(85,'',918.00,'przy odbiorze','w realizacji',75042398884),(86,'',477.00,'za pobraniem','zakończono',59062472225),(87,'',289.00,'za pobraniem','zakończono',58071147232),(88,'',466.00,'za pobraniem','w realizacji',60090336962),(89,'',352.00,'przy odbiorze','zakończono',64082457183),(90,'',894.00,'za pobraniem','zakończono',65081859495),(91,'',742.00,'przy odbiorze','w realizacji',75061839571),(92,'',168.00,'przy odbiorze','w realizacji',97021569621),(93,'',602.00,'z góry','oczekuje',72030443478),(94,'',950.00,'przy odbiorze','zakończono',40010924932),(95,'',1044.00,'z góry','zakończono',79070833698),(96,'',411.00,'z góry','zakończono',51092574115),(97,'',781.00,'przy odbiorze','zakończono',53052029189),(98,'',871.00,'za pobraniem','zakończono',73041738713),(99,'',863.00,'za pobraniem','w realizacji',71031031378),(100,'',554.00,'przy odbiorze','zakończono',90011886649);
/*!40000 ALTER TABLE zlecenie ENABLE KEYS */;

/*!40101 SET SQL_MODE=@OLD_SQL_MODE */;
/*!40014 SET FOREIGN_KEY_CHECKS=@OLD_FOREIGN_KEY_CHECKS */;
/*!40101 SET CHARACTER_SET_CLIENT=@OLD_CHARACTER_SET_CLIENT */;
/*!40101 SET CHARACTER_SET_RESULTS=@OLD_CHARACTER_SET_RESULTS */;
/*!40101 SET COLLATION_CONNECTION=@OLD_COLLATION_CONNECTION */;
/*!40111 SET SQL_NOTES=@OLD_SQL_NOTES */;

